Workbook
Name AÑO: '1 ahu'!$D:$D
Name AÑO: '10 sv'!$D:$D
Name AÑO: '11 usu'!$D:$D
Name AÑO: '12 sm'!$D:$D
Name AÑO: '13 mor'!$D:$D
Name AÑO: '14 LU'!$D:$D
Name AÑO: '2 sa'!$D:$D
Name AÑO: '4 cha'!$D:$D
Name AÑO: '5 LL'!$D:$D
Name AÑO: '7 cus'!$D:$D
Name AÑO: '8 lp'!$D:$D
Name AÑO: '9 cab'!$D:$D
Name AÑO: 'N TRIBUTARIO'!$D:$D
Name AREAKM2: '1 ahu'!$AB:$AB
Name AREAKM2: '10 sv'!$AB:$AB
Name AREAKM2: '11 usu'!$AB:$AB
Name AREAKM2: '12 sm'!$AB:$AB
Name AREAKM2: '13 mor'!$AB:$AB
Name AREAKM2: '14 LU'!$AB:$AB
Name AREAKM2: '2 sa'!$AB:$AB
Name AREAKM2: '4 cha'!$AB:$AB
Name AREAKM2: '5 LL'!$AB:$AB
Name AREAKM2: '7 cus'!$AB:$AB
Name AREAKM2: '8 lp'!$AB:$AB
Name AREAKM2: '9 cab'!$AB:$AB
Name AREAKM2: 'N TRIBUTARIO'!$AA:$AA
Name CODIGO: '1 ahu'!$F:$F
Name CODIGO: '10 sv'!$F:$F
Name CODIGO: '11 usu'!$F:$F
Name CODIGO: '12 sm'!$F:$F
Name CODIGO: '13 mor'!$F:$F
Name CODIGO: '14 LU'!$F:$F
Name CODIGO: '2 sa'!$F:$F
Name CODIGO: '4 cha'!$F:$F
Name CODIGO: '5 LL'!$F:$F
Name CODIGO: '7 cus'!$F:$F
Name CODIGO: '8 lp'!$F:$F
Name CODIGO: '9 cab'!$F:$F
Name CODIGO: 'N TRIBUTARIO'!$F:$F
Name CODNOMZ: '1 ahu'!$AA:$AA
Name CODNOMZ: '10 sv'!$AA:$AA
Name CODNOMZ: '11 usu'!$AA:$AA
Name CODNOMZ: '12 sm'!$AA:$AA
Name CODNOMZ: '13 mor'!$AA:$AA
Name CODNOMZ: '14 LU'!$AA:$AA
Name CODNOMZ: '2 sa'!$AA:$AA
Name CODNOMZ: '4 cha'!$AA:$AA
Name CODNOMZ: '5 LL'!$AA:$AA
Name CODNOMZ: '7 cus'!$AA:$AA
Name CODNOMZ: '8 lp'!$AA:$AA
Name CODNOMZ: '9 cab'!$AA:$AA
Name CODNOMZ: 'N TRIBUTARIO'!$Z:$Z
Name CODZONA: '1 ahu'!$A$1:$AD$13
Name CODZONA: '10 sv'!$A$1:$AD$14
Name CODZONA: '11 usu'!$A$1:$AD$24
Name CODZONA: '12 sm'!$A$1:$AD$21
Name CODZONA: '13 mor'!$A$1:$AD$27
Name CODZONA: '14 LU'!$A$1:$AD$19
Name CODZONA: '2 sa'!$A$1:$AD$14
Name CODZONA: '4 cha'!$A$1:$AD$34

Sheet DEPARTAMENTOS
A1: # DEPTO | B1: DEPARTAMENTO
A2: 1 | B2: AHUACHAPÁN
A3: 2 | B3: SANTA ANA
A4: 3 | B4: SONSONATE
A5: 4 | B5: CHALATENANGO
A6: 5 | B6: LA LIBERTAD
A7: 6 | B7: SAN SALVADOR
A8: 7 | B8: CUSCATLÁN
A9: 8 | B9: LA PAZ
A10: 9 | B10: CABAÑAS
A11: 10 | B11: SAN VICENTE
A12: 11 | B12: USULUTAN
A13: 12 | B13: SAN MIGUEL
... A15: 14 | B15: LA UNION

Sheet municipio
A1: ITEM | B1: MUNICIPIO
A2: 1 | B2: AHUACHAPÁN CENTRO
A3: 2 | B3: AHUACHAPÁN NORTE
A4: 3 | B4: AHUACHAPÁN SUR
A5: 4 | B5: SANTA ANA CENTRO
A6: 5 | B6: SANTA ANA ESTE
A7: 6 | B7: SANTA ANA NORTE
A8: 7 | B8: SANTA ANA OESTE
A9: 8 | B9: SONSONATE CENTRO
A10: 9 | B10: SONSONATE ESTE
A11: 10 | B11: SONSONATE NORTE
A12: 11 | B12: SONSONATE OESTE
A13: 12 | B13: CHALATENANGO CENTRO
... A45: 44 | B45: LA UNIÓN SUR

Sheet DISTRITOS
A1: # DISTRITO | B1: DISTRITOS
A2: 1 | B2: AHUACHAPÁN
A3: 2 | B3: APANECA
A4: 3 | B4: CONCEPCIÓN DE ATACO
A5: 4 | B5: TACUBA
A6: 5 | B6: GUAYMANGO
A7: 6 | B7: JUJUTLA
A8: 7 | B8: SAN FRANCISCO MENÉNDEZ
A9: 8 | B9: SAN PEDRO PUXTLA
A10: 9 | B10: ATIQUIZAYA
A11: 10 | B11: EL REFUGIO
A12: 11 | B12: SAN LORENZO
A13: 12 | B13: TURÍN
... A263: 262 | B263: YUCUAIQUÍN

Sheet UNIONDEPTO
A1: No. | B1: ='N TRIBUTARIO'!M1 -> CENTRO | C1: ='N TRIBUTARIO'!N1 -> COSTA | D1: ='N TRIBUTARIO'!O1 -> ESTE | E1: ='N TRIBUTARIO'!P1 -> NORTE | F1: ='N TRIBUTARIO'!Q1 -> OESTE | G1: ='N TRIBUTARIO'!R1 -> SUR | H1: =SUM(H2:H45) -> 262 | J1: Distritos internos | K1: Area (km²) | L1: Poblacion | M1: Densidad (Hab/Km²)
A2: =municipio!A2 -> 1 | B2: ='1 ahu'!N14 -> 4 | C2: ='1 ahu'!O14 -> 0 | D2: ='1 ahu'!P14 -> 0 | F2: ='1 ahu'!R14 -> 0 | H2: =SUM(B2:G4) -> 12 | I2: =municipio!B2 -> AHUACHAPÁN CENTRO | J2: ='1 ahu'!K16 -> AHUACHAPAN, APANECA, CONCEPCION DE ATACO, TACUBA | K2: 501.01 | L2: 237889 | M2: 474.82
A3: =municipio!A3 -> 2 | E3: ='1 ahu'!Q14 -> 4 | I3: =municipio!B3 -> AHUACHAPÁN NORTE | J3: ='1 ahu'!K17 -> ATIQUIZAYA, EL REFUGIO, SAN LORENZO, TURIN | K3: 146.89 | L3: 61720 | M3: 420.18
A4: =municipio!A4 -> 3 | G4: ='1 ahu'!S14 -> 4 | I4: =municipio!B4 -> AHUACHAPÁN SUR | J4: ='1 ahu'!K18 -> GUAYMANGO, JUJUTLA, SAN FRANCISCO MENENDEZ, SAN PEDRO PUXTLA | K4: 591.43 | L4: 102457 | M4: 173.24
A5: =municipio!A5 -> 4 | B5: ='2 sa'!N15 -> 1 | C5: ='2 sa'!O15 -> 0 | G5: ='2 sa'!S15 -> 0 | H5: =SUM(B5:G8) -> 13 | I5: =municipio!B5 -> SANTA ANA CENTRO | J5: ='2 sa'!K18 -> SANTA ANA | K5: 400.05 | L5: 264091 | M5: 660.14
A6: =municipio!A6 -> 5 | D6: ='2 sa'!P15 -> 2 | I6: =municipio!B6 -> SANTA ANA ESTE | J6: ='2 sa'!K19 -> COATEPEQUE, EL CONGO | K6: 218.28 | L6: 64061 | M6: 293.48
A7: =municipio!A7 -> 6 | E7: ='2 sa'!Q15 -> 4 | I7: =municipio!B7 -> SANTA ANA NORTE | J7: ='2 sa'!K20 -> MASAHUAT, METAPAN, SANTA ROSA GUACHIPILIN, TEXISTEPEQUE | K7: 956.97 | L7: 91108 | M7: 95.2
A8: =municipio!A8 -> 7 | F8: ='2 sa'!R15 -> 6 | I8: =municipio!B8 -> SANTA ANA OESTE | J8: ='2 sa'!K21 -> CANDELARIA DE LA FRONTERA, CHALCHUAPA, EL PORVENIR, SAN ANTONIO PAJONAL, SAN SEBASTIAN SALITRILLO, SANTIAGO DE LA FRONTERA | K8: 447.87 | L8: 172035 | M8: 384.12
A9: =municipio!A9 -> 8 | B9: ='3 son '!N18 -> 5 | C9: ='3 son '!O18 -> 0 | G9: ='3 son '!S18 -> 0 | H9: =SUM(B9:G12) -> 16 | I9: =municipio!B9 -> SONSONATE CENTRO | J9: ='3 son '!K19 -> NAHULINGO, SAN ANTONIO DEL MONTE, SANTO DOMINGO DE GUZMAN, SONSONATE, SONZACATE | K9: 329.38 | L9: 140920 | M9: 427.83
A10: =municipio!A10 -> 9 | D10: ='3 son '!P18 -> 6 | I10: =municipio!B10 -> SONSONATE ESTE | J10: ='3 son '!K20 -> ARMENIA, CALUCO, CUISNAHUAT, SANTA ISABEL ISHUATAN, IZALCO, SAN JULIAN | K10: 542.89 | L10: 160035 | M10: 294.78
A11: =municipio!A11 -> 10 | E11: ='3 son '!Q18 -> 4 | I11: =municipio!B11 -> SONSONATE NORTE | J11: ='3 son '!K21 -> JUAYUA, NAHUIZALCO, SALCOATITAN, SANTA CATARINA MASAHUAT | K11: 186.91 | L11: 89106 | M11: 476.73
A12: =municipio!A12 -> 11 | F12: ='3 son '!R18 -> 1 | I12: =municipio!B12 -> SONSONATE OESTE | J12: ='3 son '!K22 -> ACAJUTLA | K12: 166.59 | L12: 53259 | M12: 319.7
A13: =municipio!A13 -> 12 | B13: ='4 cha'!N35 -> 10 | C13: ='4 cha'!O35 -> 0 | D13: ='4 cha'!P35 -> 0 | F13: ='4 cha'!R35 -> 0 | H13: =SUM(B13:G15) -> 33 | I13: =municipio!B13 -> CHALATENANGO CENTRO | J13: ='4 cha'!J36 -> AGUA CALIENTE, DULCE NOMBRE DE MARIA, EL PARAISO, LA REINA, NUEVA CONCEPCION, SAN FERNANDO, SAN FRANCISCO MORAZAN, SAN RAFAEL, SANTA RITA, TEJUTLA | K13: 1018.45 | L13: 100658 | M13: 98.83
A14: =municipio!A14 -> 13 | E14: ='4 cha'!Q35 -> 3 | I14: =municipio!B14 -> CHALATENANGO NORTE | J14: ='4 cha'!J37 -> CITALA, LA PALMA, SAN IGNACIO | K14: 284.11 | L14: 54881 | M14: 193.17
A15: =municipio!A15 -> 14 | G15: ='4 cha'!S35 -> 20 | I15: =municipio!B15 -> CHALATENANGO SUR | J15: ='4 cha'!J38 -> ARCATAO, AZACUALPA, COMALAPA, CONCEPCION QUEZALTEPEQUE , CHALATENANGO, EL CARRIZAL, LA LAGUNA, LAS VUELTAS, NOMBRE DE JESUS, NUEVA TRINIDAD, OJOS DE AGUA, POTONICO, SAN ANTONIO DE LA CRUZ, SAN ANTONIO LOS RANCHOS, SAN FRANCISCO LEMPA, SAN ISIDRO LABRADOR, CANCASTE, SAN JOSE LAS FLORES, SAN LUIS DEL CARMEN, SAN MIGUEL DE MERCEDES | K15: 713.99 | L15: 74809 | M15: 104.78
A16: =municipio!A16 -> 15 | B16: ='5 LL'!N24 -> 2 | H16: =SUM(B16:G21) -> 22 | I16: =municipio!B16 -> LA LIBERTAD CENTRO | J16: ='5 LL'!K25 -> CIUDAD ARCE, SAN JUAN OPICO | K16: 305.7 | L16: 141280 | M16: 462.15
A17: =municipio!A17 -> 16 | C17: ='5 LL'!O24 -> 4 | I17: =municipio!B17 -> LA LIBERTAD COSTA | J17: ='5 LL'!K26 -> JICALAPA, LA LIBERTAD, TAMANIQUE, TEOTEPEQUE | K17: 440.98 | L17: 79906 | M17: 181.2
A18: =municipio!A18 -> 17 | D18: ='5 LL'!P24 -> 5 | I18: =municipio!B18 -> LA LIBERTAD ESTE | J18: ='5 LL'!K27 -> ANTIGUO CUSCATLAN, HUIZUCAR, NUEVO CUSCATLAN, SAN JOSE VILLANUEVA, ZARAGOZA | K18: 134.58 | L18: 132697 | M18: 986.01
A19: =municipio!A19 -> 18 | E19: ='5 LL'!Q24 -> 4 | I19: =municipio!B19 -> LA LIBERTAD NORTE | J19: ='5 LL'!K28 -> CHILTIUPAN, QUEZALTEPEQUE, SAN MATIAS, SAN PABLO TACACHICO | K19: 307.39 | L19: 94800 | M19: 308.4
A20: =municipio!A20 -> 19 | F20: ='5 LL'!R24 -> 5 | I20: =municipio!B20 -> LA LIBERTAD OESTE | J20: ='5 LL'!K29 -> COLON, JAYAQUE, SACACOYO, TALNIQUE, TEPECOYO | K20: 276.98 | L20: 148980 | M20: 537.87
A21: =municipio!A21 -> 20 | G21: ='5 LL'!S24 -> 2 | I21: =municipio!B21 -> LA LIBERTAD SUR | J21: ='5 LL'!K30 -> COMASAGUA, SANTA TECLA | K21: 187.25 | L21: 135908 | M21: 725.81
A22: =municipio!A22 -> 21 | B22: ='6 ss'!N21 -> 5 | C22: ='6 ss'!O21 -> 0 | H22: =SUM(B22:G26) -> 19 | I22: =municipio!B22 -> SAN SALVADOR CENTRO | J22: ='6 ss'!K22 -> AYUTUXTEPEQUE, CUSCATANCINGO, MEJICANOS, SAN SALVADOR, CIUDAD DELGADO | K22: 141.6 | L22: 702061 | M22: 4958.06
A23: =municipio!A23 -> 22 | D23: ='6 ss'!P21 -> 4 | I23: =municipio!B23 -> SAN SALVADOR ESTE | J23: ='6 ss'!K23 -> ILOPANGO, SAN MARTIN, SOYAPANGO, TONACATEPEQUE | K23: 187.74 | L23: 550739 | M23: 2933.52
A24: =municipio!A24 -> 23 | E24: ='6 ss'!Q21 -> 3 | I24: =municipio!B24 -> SAN SALVADOR NORTE | J24: ='6 ss'!K24 -> AGUILARES, EL PAISNAL, GUAZAPA | K24: 222.86 | L24: 58724 | M24: 263.5
A25: =municipio!A25 -> 24 | F25: ='6 ss'!R21 -> 2 | I25: =municipio!B25 -> SAN SALVADOR OESTE | J25: ='6 ss'!K25 -> APOPA, NEJAPA | K25: 135.2 | L25: 227986 | M25: 1686.29
A26: =municipio!A26 -> 25 | G26: ='6 ss'!S21 -> 5 | I26: =municipio!B26 -> SAN SALVADOR SUR | J26: ='6 ss'!K26 -> PANCHIMALCO, ROSARIO DE MORA, SAN MARCOS, SANTIAGO TEXACUANGOS, SANTO TOMAS | K26: 198.75 | L26: 160618 | M26: 808.14
A27: =municipio!A27 -> 26 | B27: ='7 cus'!N18 -> 0 | C27: ='7 cus'!O18 -> 0 | D27: ='7 cus'!P18 -> 0 | E27: ='7 cus'!Q18 -> 6 | F27: ='7 cus'!R18 -> 0 | H27: =SUM(B27:G28) -> 16 | I27: =municipio!B27 -> CUSCATLÁN NORTE | J27: ='7 cus'!K19 -> ORATORIO DE CONCEPCION, SAN BARTOLOME PERULAPIA, SAN JOSE GUAYABAL, SAN PEDRO PERULAPAN, SANTA CRUZ ANALQUITO, SUCHITOTO | K27: 499.17 | L27: 90452 | M27: 181.2
A28: =municipio!A28 -> 27 | G28: ='7 cus'!S18 -> 10 | I28: =municipio!B28 -> CUSCATLÁN SUR | J28: ='7 cus'!K20 -> CANDELARIA, COJUTEPEQUE, EL CARMEN, EL ROSARIO CUSCATLAN, MONTE SAN JUAN, SAN CRISTOBAL, SAN RAFAEL CEDROS, SAN RAMON, SANTA CRUZ MICHAPA, TENANCINGO | K28: 257.02 | L28: 145713 | M28: 566.93
A29: =municipio!A29 -> 28 | B29: ='8 lp'!N24 -> 12 | C29: ='8 lp'!O24 -> 0 | E29: ='8 lp'!Q24 -> 0 | G29: ='8 lp'!S24 -> 0 | H29: =SUM(B29:G31) -> 22 | I29: =municipio!B29 -> LA PAZ CENTRO | J29: ='8 lp'!K25 -> EL ROSARIO, JERUSALEN, MERCEDES LA CEIBA, PARAISO DE OSORIO, SAN ANTONIO MASAHUAT, SAN EMIGDIO, SAN JUAN TEPEZONTES, SAN MIGUEL TEPEZONTES, SAN PEDRO NONUALCO, SANTA MARIA OSTUMA, SANTIAGO NONUALCO, SAN LUIS LA HERRADURA | K29: 450.42 | L29: 115564 | M29: 256.57
A30: =municipio!A30 -> 29 | D30: ='8 lp'!P24 -> 3 | I30: =municipio!B30 -> LA PAZ ESTE | J30: ='8 lp'!K26 -> SAN JUAN NONUALCO, SAN RAFAEL OBRAJUELO, ZACATECOLUCA | K30: 391.96 | L30: 96565 | M30: 246.36
A31: =municipio!A31 -> 30 | F31: ='8 lp'!R24 -> 7 | I31: =municipio!B31 -> LA PAZ OESTE | J31: ='8 lp'!K27 -> CUYULTITAN, OLOCUILTA, SAN FRANCISCO CHINAMECA, SAN JUAN TALPA, SAN LUIS TALPA, SAN PEDRO MASAHUAT, TAPALHUACA | K31: 381.23 | L31: 101279 | M31: 265.66
A32: =municipio!A32 -> 31 | B32: ='9 cab'!N11 -> 0 | C32: ='9 cab'!O11 -> 0 | D32: ='9 cab'!P11 -> 5 | E32: ='9 cab'!Q11 -> 0 | G32: ='9 cab'!S11 -> 0 | H32: =SUM(B32:G33) -> 9 | I32: =municipio!B32 -> CABAÑAS ESTE | J32: ='9 cab'!K13 -> GUACOTECTI, SAN ISIDRO, SENSUNTEPEQUE, VICTORIA, DOLORES | K32: 701.67 | L32: 66727 | M32: 95.1
A33: =municipio!A33 -> 32 | F33: ='9 cab'!R11 -> 4 | I33: =municipio!B33 -> CABAÑAS OESTE | J33: ='9 cab'!K14 -> CINQUERA, ILOBASCO, JUTIAPA, TEJUTEPEQUE | K33: 401.84 | L33: 86875 | M33: 216.19
A34: =municipio!A34 -> 33 | B34: ='10 sv'!N15 -> 0 | C34: ='10 sv'!O15 -> 0 | D34: ='10 sv'!P15 -> 0 | E34: ='10 sv'!Q15 -> 7 | F34: ='10 sv'!R15 -> 0 | H34: =SUM(B34:G35) -> 13 | I34: =municipio!B34 -> SAN VICENTE NORTE | J34: ='10 sv'!K16 -> APASTEPEQUE, SANTA CLARA, SANTO DOMINGO, SAN ESTEBAN CATARINA, SAN ILDEFONSO, SAN LORENZO, SAN SEBASTIAN | K34: 556.48 | L34: 70209 | M34: 126.17
A35: =municipio!A35 -> 34 | G35: ='10 sv'!S15 -> 6 | I35: =municipio!B35 -> SAN VICENTE SUR | J35: ='10 sv'!K17 -> GUADALUPE, SAN CAYETANO ISTEPEQUE, SAN VICENTE, TECOLUCA, TEPETITAN, VERAPAZ | K35: 627.54 | L35: 99893 | M35: 159.18
A36: =municipio!A36 -> 35 | B36: ='11 usu'!N25 -> 0 | C36: ='11 usu'!O25 -> 0 | D36: ='11 usu'!P25 -> 10 | G36: ='11 usu'!S25 -> 0 | H36: =SUM(B36:G38) -> 23 | I36: =municipio!B36 -> USULUTÁN ESTE | J36: ='11 usu'!K26 -> CALIFORNIA, CONCEPCION BATRES, EREGUAYQUIN, JUCUARAN, OZATLAN, SAN DIONISIO, SANTA ELENA, SANTA MARIA, TECAPAN, USULUTAN | K36: 831.32 | L36: 160590 | M36: 193.17
A37: =municipio!A37 -> 36 | E37: ='11 usu'!Q25 -> 9 | I37: =municipio!B37 -> USULUTÁN NORTE | J37: ='11 usu'!K27 -> ALEGRIA, BERLIN, EL TRIUNFO, ESTANZUELAS, JUCUAPA, MERCEDES UMAÑA, NUEVA GRANADA, SAN BUENAVENTURA, SANTIAGO DE MARIA | K37: 551.69 | L37: 109367 | M37: 198.24
A38: =municipio!A38 -> 37 | F38: ='11 usu'!R25 -> 4 | I38: =municipio!B38 -> USULUTÁN OESTE | J38: ='11 usu'!K28 -> JIQUILISCO, PUERTO EL TRIUNFO, SAN AGUSTIN, SAN FRANCISCO JAVIER | K38: 747.43 | L38: 79311 | M38: 106.11
A39: =municipio!A39 -> 38 | B39: ='12 sm'!N22 -> 6 | C39: ='12 sm'!O22 -> 0 | D39: ='12 sm'!P22 -> 0 | G39: ='12 sm'!S22 -> 0 | H39: =SUM(B39:G41) -> 20 | I39: =municipio!B39 -> SAN MIGUEL CENTRO | J39: ='12 sm'!K23 -> COMACARAN, CHIRILAGUA, MONCAGUA, QUELEPA, SAN MIGUEL, ULUAZAPA | K39: 997.08 | L39: 398361 | M39: 399.53
A40: =municipio!A40 -> 39 | E40: ='12 sm'!Q22 -> 8 | I40: =municipio!B40 -> SAN MIGUEL NORTE | J40: ='12 sm'!K24 -> CAROLINA, CIUDAD BARRIOS, CHAPELTIQUE, NUEVO EDEN DE SAN JUAN, SAN ANTONIO DEL MOSCO, SAN GERARDO, SAN LUIS DE LA REINA, SESORI | K40: 758.96 | L40: 79611 | M40: 104.89
A41: =municipio!A41 -> 40 | F41: ='12 sm'!R22 -> 6 | I41: =municipio!B41 -> SAN MIGUEL OESTE | J41: ='12 sm'!K25 -> CHINAMECA, EL TRANSITO, LOLOTIQUE, NUEVA GUADALUPE, SAN JORGE, SAN RAFAEL ORIENTE | K41: 321.06 | L41: 86900 | M41: 270.67
A42: =municipio!A42 -> 41 | B42: ='13 mor'!N28 -> 0 | C42: ='13 mor'!O28 -> 0 | D42: ='13 mor'!P28 -> 0 | E42: ='13 mor'!Q28 -> 11 | F42: ='13 mor'!R28 -> 0 | H42: =SUM(B42:G43) -> 26 | I42: =municipio!B42 -> MORAZÁN NORTE | J42: ='13 mor'!K29 -> ARAMBALA, CACAOPERA, CORINTO, EL ROSARIO, MORAZAN, JOATECA, JOCOAITIQUE, MEANGUERA, PERQUIN, SAN FERNANDO MORAZAN, SAN ISIDRO MORAZAN, TOROLATOROLA | K42: 735.15 | L42: 55012 | M42: 74.83
A43: =municipio!A43 -> 42 | G43: ='13 mor'!S28 -> 15 | I43: =municipio!B43 -> MORAZÁN SUR | J43: ='13 mor'!K30 -> CHILANGA, DELICIAS DE CONCEPCION , EL DIVISADERO, GUALOCOCTI, GUATAJIAGUA, JOCORO, LOLOTIQUILLO, OSICALA, SAN CARLOS, SAN FRANCISCO GOTERA, SAN SIMON, SENSEMBRA, SOCIEDAD, YAMABAL, YOLOAIQUIN | K43: 712.3 | L43: 123236 | M43: 173.01
A44: =municipio!A44 -> 43 | B44: ='14 LU'!N20 -> 0 | C44: ='14 LU'!O20 -> 0 | D44: ='14 LU'!P20 -> 0 | E44: ='14 LU'!Q20 -> 10 | F44: ='14 LU'!R20 -> 0 | H44: =SUM(B44:G45) -> 18 | I44: =municipio!B44 -> LA UNIÓN NORTE | J44: ='14 LU'!K21 -> ANAMOROS, BOLIVAR, CONCEPCION DE ORIENTE, EL SAUCE, LISLIQUE, NUEVA ESPARTA, PASAQUINA, POLOROS, SAN JOSE, SANTA ROSA DE LIMA | K44: 1155.65 | L44: 115296 | M44: 99.77
A45: =municipio!A45 -> 44 | G45: ='14 LU'!S20 -> 8 | I45: =municipio!B45 -> LA UNIÓN SUR | J45: ='14 LU'!K22 -> CONCHAGUA, EL CARMEN, INTIPUCA, LA UNION, MEANGUERA DEL GOLFO, SAN ALEJO, YAYANTIQUE, YUCUAIQUIN | K45: 918.74 | L45: 124964 | M45: 136.02
B46: =SUM(B1:B45) -> 45 | C46: =SUM(C1:C45) -> 4 | D46: =SUM(D1:D45) -> 35 | E46: =SUM(E1:E45) -> 73 | F46: =SUM(F1:F45) -> 35 | G46: =SUM(G1:G45) -> 70
B47: =SUM(B46:G46) -> 262

Sheet N TRIBUTARIO
A1: CODIZONAL | B1: DIA | C1: MES | D1: AÑO | E1: SERIE | F1: CODIGO | G1: NUMERO | H1: CORRELATIVO | I1: # DE DEPARTAMENTO | J1: NOMBRE DE DISTRITO | K1: ZONA | L1: NOMBRE DEPARTAMENTO | M1: CENTRO | N1: COSTA | O1: ESTE | P1: NORTE | Q1: OESTE | R1: SUR | S1: NO DETERMINADO | V1: DISTCODIGOZONA | W1: NITDIST | X1: NOMBRE DISTRITO ZONA | Y1: NIT DISTRITO NOMBRE ZONA | Z1: CODIGO NOMBRE ZONA | AA1: AREA (KM2) | AB1: POBLACION | AC1: DENSIDAD (HAB./KM2)
A2: 1C | B2: 01 | C2: 06 | D2: 11 | E2: 001 | F2: 0 | G2: =[1]DISTRITOS!A2 -> 1 | H2: 0101 | I2: =[2]DEPARTAMENTOS!A2 -> 1 | J2: AHUACHAPAN | K2: CENTRO | L2: AHUACHAPAN | M2: 1 | T2: - | V2: =CONCATENATE(J2,T2,H2,T2,K2) -> AHUACHAPAN-0101-CENTRO | W2: =CONCATENATE(H2,T2,B2,C2,D2,T2,E2,T2,F2) -> 0101-010611-001-0 | X2: =CONCATENATE(J2,U2,K2) -> AHUACHAPAN CENTRO | Y2: =CONCATENATE(W2,U2,X2) -> 0101-010611-001-0 AHUACHAPAN CENTRO | Z2: =CONCATENATE(H2,U2,J2,T2,K2) -> 0101 AHUACHAPAN-CENTRO | AA2: 501.01 | AB2: 237889 | AC2: 474.82
B3: 01 | C3: 10 | D3: 79 | E3: 001 | F3: 9 | G3: =[1]DISTRITOS!A3 -> 2 | H3: 0102 | J3: APANECA | K3: CENTRO | L3: AHUACHAPAN | M3: 1 | T3: - | V3: =CONCATENATE(J3,T3,H3,T3,K3) -> APANECA-0102-CENTRO | W3: =CONCATENATE(H3,T3,B3,C3,D3,T3,E3,T3,F3) -> 0102-011079-001-9 | X3: =CONCATENATE(J3,U3,K3) -> APANECA CENTRO | Y3: =CONCATENATE(W3,U3,X3) -> 0102-011079-001-9 APANECA CENTRO | Z3: =CONCATENATE(H3,U3,J3,T3,K3) -> 0102 APANECA-CENTRO
A4: N1 | B4: 01 | C4: 10 | D4: 79 | E4: 001 | F4: 9 | G4: =[1]DISTRITOS!A4 -> 3 | H4: 0103 | J4: ATIQUIZAYA | K4: NORTE | L4: AHUACHAPAN | P4: 1 | T4: - | V4: =CONCATENATE(J4,T4,H4,T4,K4) -> ATIQUIZAYA-0103-NORTE | W4: =CONCATENATE(H4,T4,B4,C4,D4,T4,E4,T4,F4) -> 0103-011079-001-9 | X4: =CONCATENATE(J4,U4,K4) -> ATIQUIZAYA NORTE | Y4: =CONCATENATE(W4,U4,X4) -> 0103-011079-001-9 ATIQUIZAYA NORTE | Z4: =CONCATENATE(H4,U4,J4,T4,K4) -> 0103 ATIQUIZAYA-NORTE | AA4: 146.89 | AB4: 61720 | AC4: 420.18
B5: 01 | C5: 10 | D5: 79 | E5: 001 | F5: 9 | G5: =[1]DISTRITOS!A5 -> 4 | H5: 0104 | J5: CONCEPCION DE ATACO | K5: CENTRO | L5: AHUACHAPAN | M5: 1 | T5: - | V5: =CONCATENATE(J5,T5,H5,T5,K5) -> CONCEPCION DE ATACO-0104-CENTRO | W5: =CONCATENATE(H5,T5,B5,C5,D5,T5,E5,T5,F5) -> 0104-011079-001-9 | X5: =CONCATENATE(J5,U5,K5) -> CONCEPCION DE ATACO CENTRO | Y5: =CONCATENATE(W5,U5,X5) -> 0104-011079-001-9 CONCEPCION DE ATACO CENTRO | Z5: =CONCATENATE(H5,U5,J5,T5,K5) -> 0104 CONCEPCION DE ATACO-CENTRO
B6: 01 | C6: 10 | D6: 79 | E6: 001 | F6: 9 | G6: =[1]DISTRITOS!A6 -> 5 | H6: 0105 | J6: EL REFUGIO | K6: NORTE | L6: AHUACHAPAN | P6: 1 | T6: - | V6: =CONCATENATE(J6,T6,H6,T6,K6) -> EL REFUGIO-0105-NORTE | W6: =CONCATENATE(H6,T6,B6,C6,D6,T6,E6,T6,F6) -> 0105-011079-001-9 | X6: =CONCATENATE(J6,U6,K6) -> EL REFUGIO NORTE | Y6: =CONCATENATE(W6,U6,X6) -> 0105-011079-001-9 EL REFUGIO NORTE | Z6: =CONCATENATE(H6,U6,J6,T6,K6) -> 0105 EL REFUGIO-NORTE
A7: S1 | B7: 01 | C7: 10 | D7: 79 | E7: 001 | F7: 9 | G7: =[1]DISTRITOS!A7 -> 6 | H7: 0106 | J7: GUAYMANGO | K7: SUR | L7: AHUACHAPAN | R7: 1 | T7: - | V7: =CONCATENATE(J7,T7,H7,T7,K7) -> GUAYMANGO-0106-SUR | W7: =CONCATENATE(H7,T7,B7,C7,D7,T7,E7,T7,F7) -> 0106-011079-001-9 | X7: =CONCATENATE(J7,U7,K7) -> GUAYMANGO SUR | Y7: =CONCATENATE(W7,U7,X7) -> 0106-011079-001-9 GUAYMANGO SUR | Z7: =CONCATENATE(H7,U7,J7,T7,K7) -> 0106 GUAYMANGO-SUR | AA7: 591.43 | AB7: 102457 | AC7: 173.24
B8: 01 | C8: 10 | D8: 79 | E8: 001 | F8: 9 | G8: =[1]DISTRITOS!A8 -> 7 | H8: 0107 | J8: JUJUTLA | K8: SUR | L8: AHUACHAPAN | R8: 1 | T8: - | V8: =CONCATENATE(J8,T8,H8,T8,K8) -> JUJUTLA-0107-SUR | W8: =CONCATENATE(H8,T8,B8,C8,D8,T8,E8,T8,F8) -> 0107-011079-001-9 | X8: =CONCATENATE(J8,U8,K8) -> JUJUTLA SUR | Y8: =CONCATENATE(W8,U8,X8) -> 0107-011079-001-9 JUJUTLA SUR | Z8: =CONCATENATE(H8,U8,J8,T8,K8) -> 0107 JUJUTLA-SUR
B9: 01 | C9: 10 | D9: 79 | E9: 001 | F9: 2 | G9: =[1]DISTRITOS!A9 -> 8 | H9: 0108 | J9: SAN FRANCISCO MENENDEZ | K9: SUR | L9: AHUACHAPAN | R9: 1 | T9: - | V9: =CONCATENATE(J9,T9,H9,T9,K9) -> SAN FRANCISCO MENENDEZ-0108-SUR | W9: =CONCATENATE(H9,T9,B9,C9,D9,T9,E9,T9,F9) -> 0108-011079-001-2 | X9: =CONCATENATE(J9,U9,K9) -> SAN FRANCISCO MENENDEZ SUR | Y9: =CONCATENATE(W9,U9,X9) -> 0108-011079-001-2 SAN FRANCISCO MENENDEZ SUR | Z9: =CONCATENATE(H9,U9,J9,T9,K9) -> 0108 SAN FRANCISCO MENENDEZ-SUR
B10: 01 | C10: 10 | D10: 79 | E10: 001 | F10: 9 | G10: =[1]DISTRITOS!A10 -> 9 | H10: 0109 | J10: SAN LORENZO | K10: NORTE | L10: AHUACHAPAN | P10: 1 | T10: - | V10: =CONCATENATE(J10,T10,H10,T10,K10) -> SAN LORENZO-0109-NORTE | W10: =CONCATENATE(H10,T10,B10,C10,D10,T10,E10,T10,F10) -> 0109-011079-001-9 | X10: =CONCATENATE(J10,U10,K10) -> SAN LORENZO NORTE | Y10: =CONCATENATE(W10,U10,X10) -> 0109-011079-001-9 SAN LORENZO NORTE | Z10: =CONCATENATE(H10,U10,J10,T10,K10) -> 0109 SAN LORENZO-NORTE
B11: 01 | C11: 10 | D11: 79 | E11: 001 | F11: 0 | G11: =[1]DISTRITOS!A11 -> 10 | H11: 0110 | J11: SAN PEDRO PUXTLA | K11: SUR | L11: AHUACHAPAN | R11: 1 | T11: - | V11: =CONCATENATE(J11,T11,H11,T11,K11) -> SAN PEDRO PUXTLA-0110-SUR | W11: =CONCATENATE(H11,T11,B11,C11,D11,T11,E11,T11,F11) -> 0110-011079-001-0 | X11: =CONCATENATE(J11,U11,K11) -> SAN PEDRO PUXTLA SUR | Y11: =CONCATENATE(W11,U11,X11) -> 0110-011079-001-0 SAN PEDRO PUXTLA SUR | Z11: =CONCATENATE(H11,U11,J11,T11,K11) -> 0110 SAN PEDRO PUXTLA-SUR
B12: 01 | C12: 10 | D12: 79 | E12: 001 | F12: 0 | G12: =[1]DISTRITOS!A12 -> 11 | H12: 0111 | J12: TACUBA | K12: CENTRO | L12: AHUACHAPAN | M12: 1 | T12: - | V12: =CONCATENATE(J12,T12,H12,T12,K12) -> TACUBA-0111-CENTRO | W12: =CONCATENATE(H12,T12,B12,C12,D12,T12,E12,T12,F12) -> 0111-011079-001-0 | X12: =CONCATENATE(J12,U12,K12) -> TACUBA CENTRO | Y12: =CONCATENATE(W12,U12,X12) -> 0111-011079-001-0 TACUBA CENTRO | Z12: =CONCATENATE(H12,U12,J12,T12,K12) -> 0111 TACUBA-CENTRO
B13: 01 | C13: 10 | D13: 79 | E13: 001 | F13: 0 | G13: =[1]DISTRITOS!A13 -> 12 | H13: 0112 | J13: TURIN | K13: NORTE | L13: AHUACHAPAN | P13: 1 | T13: - | V13: =CONCATENATE(J13,T13,H13,T13,K13) -> TURIN-0112-NORTE | W13: =CONCATENATE(H13,T13,B13,C13,D13,T13,E13,T13,F13) -> 0112-011079-001-0 | X13: =CONCATENATE(J13,U13,K13) -> TURIN NORTE | Y13: =CONCATENATE(W13,U13,X13) -> 0112-011079-001-0 TURIN NORTE | Z13: =CONCATENATE(H13,U13,J13,T13,K13) -> 0112 TURIN-NORTE
A14: O1 | B14: 01 | C14: 10 | D14: 79 | E14: 001 | F14: 9 | G14: =[1]DISTRITOS!A14 -> 13 | H14: 0201 | J14: CANDELARIA DE LA FRONTERA | K14: OESTE | L14: SANTA ANA | Q14: 1 | T14: - | V14: =CONCATENATE(J14,T14,H14,T14,K14) -> CANDELARIA DE LA FRONTERA-0201-OESTE | W14: =CONCATENATE(H14,T14,B14,C14,D14,T14,E14,T14,F14) -> 0201-011079-001-9 | X14: =CONCATENATE(J14,U14,K14) -> CANDELARIA DE LA FRONTERA OESTE | Y14: =CONCATENATE(W14,U14,X14) -> 0201-011079-001-9 CANDELARIA DE LA FRONTERA OESTE | Z14: =CONCATENATE(H14,U14,J14,T14,K14) -> 0201 CANDELARIA DE LA FRONTERA-OESTE | AA14: 447.87 | AB14: 172035 | AC14: 384.12
A15: E1 | B15: 01 | C15: 06 | D15: 11 | E15: 001 | F15: 2 | G15: =[1]DISTRITOS!A15 -> 14 | H15: 0202 | J15: COATEPEQUE | K15: ESTE | L15: SANTA ANA | O15: 1 | T15: - | V15: =CONCATENATE(J15,T15,H15,T15,K15) -> COATEPEQUE-0202-ESTE | W15: =CONCATENATE(H15,T15,B15,C15,D15,T15,E15,T15,F15) -> 0202-010611-001-2 | X15: =CONCATENATE(J15,U15,K15) -> COATEPEQUE ESTE | Y15: =CONCATENATE(W15,U15,X15) -> 0202-010611-001-2 COATEPEQUE ESTE | Z15: =CONCATENATE(H15,U15,J15,T15,K15) -> 0202 COATEPEQUE-ESTE | AA15: 218.28 | AB15: 64061 | AC15: 293.48
B16: 01 | C16: 06 | D16: 11 | E16: 001 | F16: 2 | G16: =[1]DISTRITOS!A16 -> 15 | H16: 0203 | J16: CHALCHUAPA | K16: OESTE | L16: SANTA ANA | Q16: 1 | T16: - | V16: =CONCATENATE(J16,T16,H16,T16,K16) -> CHALCHUAPA-0203-OESTE | W16: =CONCATENATE(H16,T16,B16,C16,D16,T16,E16,T16,F16) -> 0203-010611-001-2 | X16: =CONCATENATE(J16,U16,K16) -> CHALCHUAPA OESTE | Y16: =CONCATENATE(W16,U16,X16) -> 0203-010611-001-2 CHALCHUAPA OESTE | Z16: =CONCATENATE(H16,U16,J16,T16,K16) -> 0203 CHALCHUAPA-OESTE
B17: 02 | C17: 10 | D17: 79 | E17: 001 | F17: 9 | G17: =[1]DISTRITOS!A17 -> 16 | H17: 0204 | J17: EL CONGO | K17: ESTE | L17: SANTA ANA | O17: 1 | T17: - | V17: =CONCATENATE(J17,T17,H17,T17,K17) -> EL CONGO-0204-ESTE | W17: =CONCATENATE(H17,T17,B17,C17,D17,T17,E17,T17,F17) -> 0204-021079-001-9 | X17: =CONCATENATE(J17,U17,K17) -> EL CONGO ESTE | Y17: =CONCATENATE(W17,U17,X17) -> 0204-021079-001-9 EL CONGO ESTE | Z17: =CONCATENATE(H17,U17,J17,T17,K17) -> 0204 EL CONGO-ESTE
B18: 02 | C18: 10 | D18: 79 | E18: 001 | F18: 9 | G18: =[1]DISTRITOS!A18 -> 17 | H18: 0205 | J18: EL PORVENIR | K18: OESTE | L18: SANTA ANA | Q18: 1 | T18: - | V18: =CONCATENATE(J18,T18,H18,T18,K18) -> EL PORVENIR-0205-OESTE | W18: =CONCATENATE(H18,T18,B18,C18,D18,T18,E18,T18,F18) -> 0205-021079-001-9 | X18: =CONCATENATE(J18,U18,K18) -> EL PORVENIR OESTE | Y18: =CONCATENATE(W18,U18,X18) -> 0205-021079-001-9 EL PORVENIR OESTE | Z18: =CONCATENATE(H18,U18,J18,T18,K18) -> 0205 EL PORVENIR-OESTE
A19: N1 | B19: 02 | C19: 10 | D19: 79 | E19: 001 | F19: 9 | G19: =[1]DISTRITOS!A19 -> 18 | H19: 0206 | J19: MASAHUAT | K19: NORTE | L19: SANTA ANA | P19: 1 | T19: - | V19: =CONCATENATE(J19,T19,H19,T19,K19) -> MASAHUAT-0206-NORTE | W19: =CONCATENATE(H19,T19,B19,C19,D19,T19,E19,T19,F19) -> 0206-021079-001-9 | X19: =CONCATENATE(J19,U19,K19) -> MASAHUAT NORTE | Y19: =CONCATENATE(W19,U19,X19) -> 0206-021079-001-9 MASAHUAT NORTE | Z19: =CONCATENATE(H19,U19,J19,T19,K19) -> 0206 MASAHUAT-NORTE | AA19: 956.97 | AB19: 91108 | AC19: 95.2
B20: 01 | C20: 06 | D20: 11 | E20: 002 | F20: 4 | G20: =[1]DISTRITOS!A20 -> 19 | H20: 0207 | J20: METAPAN | K20: NORTE | L20: SANTA ANA | P20: 1 | T20: - | V20: =CONCATENATE(J20,T20,H20,T20,K20) -> METAPAN-0207-NORTE | W20: =CONCATENATE(H20,T20,B20,C20,D20,T20,E20,T20,F20) -> 0207-010611-002-4 | X20: =CONCATENATE(J20,U20,K20) -> METAPAN NORTE | Y20: =CONCATENATE(W20,U20,X20) -> 0207-010611-002-4 METAPAN NORTE | Z20: =CONCATENATE(H20,U20,J20,T20,K20) -> 0207 METAPAN-NORTE
B21: 02 | C21: 10 | D21: 79 | E21: 001 | F21: 9 | G21: =[1]DISTRITOS!A21 -> 20 | H21: 0208 | J21: SAN ANTONIO PAJONAL | K21: OESTE | L21: SANTA ANA | Q21: 1 | T21: - | V21: =CONCATENATE(J21,T21,H21,T21,K21) -> SAN ANTONIO PAJONAL-0208-OESTE | W21: =CONCATENATE(H21,T21,B21,C21,D21,T21,E21,T21,F21) -> 0208-021079-001-9 | X21: =CONCATENATE(J21,U21,K21) -> SAN ANTONIO PAJONAL OESTE | Y21: =CONCATENATE(W21,U21,X21) -> 0208-021079-001-9 SAN ANTONIO PAJONAL OESTE | Z21: =CONCATENATE(H21,U21,J21,T21,K21) -> 0208 SAN ANTONIO PAJONAL-OESTE
B22: 02 | C22: 10 | D22: 79 | E22: 001 | F22: 9 | G22: =[1]DISTRITOS!A22 -> 21 | H22: 0209 | J22: SAN SEBASTIAN SALITRILLO | K22: OESTE | L22: SANTA ANA | Q22: 1 | T22: - | V22: =CONCATENATE(J22,T22,H22,T22,K22) -> SAN SEBASTIAN SALITRILLO-0209-OESTE | W22: =CONCATENATE(H22,T22,B22,C22,D22,T22,E22,T22,F22) -> 0209-021079-001-9 | X22: =CONCATENATE(J22,U22,K22) -> SAN SEBASTIAN SALITRILLO OESTE | Y22: =CONCATENATE(W22,U22,X22) -> 0209-021079-001-9 SAN SEBASTIAN SALITRILLO OESTE | Z22: =CONCATENATE(H22,U22,J22,T22,K22) -> 0209 SAN SEBASTIAN SALITRILLO-OESTE
A23: 1C | B23: 02 | C23: 10 | D23: 79 | E23: 001 | F23: 5 | G23: =[1]DISTRITOS!A23 -> 22 | H23: 0210 | I23: =[2]DEPARTAMENTOS!A3 -> 2 | J23: SANTA ANA | K23: CENTRO | L23: SANTA ANA | M23: 1 | T23: - | V23: =CONCATENATE(J23,T23,H23,T23,K23) -> SANTA ANA-0210-CENTRO | W23: =CONCATENATE(H23,T23,B23,C23,D23,T23,E23,T23,F23) -> 0210-021079-001-5 | X23: =CONCATENATE(J23,U23,K23) -> SANTA ANA CENTRO | Y23: =CONCATENATE(W23,U23,X23) -> 0210-021079-001-5 SANTA ANA CENTRO | Z23: =CONCATENATE(H23,U23,J23,T23,K23) -> 0210 SANTA ANA-CENTRO | AA23: 400.05 | AB23: 264091 | AC23: 660.14
B24: 02 | C24: 10 | D24: 79 | E24: 001 | F24: 0 | G24: =[1]DISTRITOS!A24 -> 23 | H24: 0211 | J24: SANTA ROSA GUACHIPILIN | K24: NORTE | L24: SANTA ANA | P24: 1 | T24: - | V24: =CONCATENATE(J24,T24,H24,T24,K24) -> SANTA ROSA GUACHIPILIN-0211-NORTE | W24: =CONCATENATE(H24,T24,B24,C24,D24,T24,E24,T24,F24) -> 0211-021079-001-0 | X24: =CONCATENATE(J24,U24,K24) -> SANTA ROSA GUACHIPILIN NORTE | Y24: =CONCATENATE(W24,U24,X24) -> 0211-021079-001-0 SANTA ROSA GUACHIPILIN NORTE | Z24: =CONCATENATE(H24,U24,J24,T24,K24) -> 0211 SANTA ROSA GUACHIPILIN-NORTE
B25: 02 | C25: 10 | D25: 79 | E25: 001 | F25: 0 | G25: =[1]DISTRITOS!A25 -> 24 | H25: 0212 | J25: SANTIAGO DE LA FRONTERA | K25: OESTE | L25: SANTA ANA | Q25: 1 | T25: - | V25: =CONCATENATE(J25,T25,H25,T25,K25) -> SANTIAGO DE LA FRONTERA-0212-OESTE | W25: =CONCATENATE(H25,T25,B25,C25,D25,T25,E25,T25,F25) -> 0212-021079-001-0 | X25: =CONCATENATE(J25,U25,K25) -> SANTIAGO DE LA FRONTERA OESTE | Y25: =CONCATENATE(W25,U25,X25) -> 0212-021079-001-0 SANTIAGO DE LA FRONTERA OESTE | Z25: =CONCATENATE(H25,U25,J25,T25,K25) -> 0212 SANTIAGO DE LA FRONTERA-OESTE
B26: 02 | C26: 10 | D26: 79 | E26: 001 | F26: 0 | G26: =[1]DISTRITOS!A26 -> 25 | H26: 0213 | J26: TEXISTEPEQUE | K26: NORTE | L26: SANTA ANA | P26: 1 | T26: - | V26: =CONCATENATE(J26,T26,H26,T26,K26) -> TEXISTEPEQUE-0213-NORTE | W26: =CONCATENATE(H26,T26,B26,C26,D26,T26,E26,T26,F26) -> 0213-021079-001-0 | X26: =CONCATENATE(J26,U26,K26) -> TEXISTEPEQUE NORTE | Y26: =CONCATENATE(W26,U26,X26) -> 0213-021079-001-0 TEXISTEPEQUE NORTE | Z26: =CONCATENATE(H26,U26,J26,T26,K26) -> 0213 TEXISTEPEQUE-NORTE
A27: O1 | B27: 01 | C27: 06 | D27: 11 | E27: 001 | F27: 4 | G27: =[1]DISTRITOS!A27 -> 26 | H27: 0301 | J27: ACAJUTLA | K27: OESTE | L27: SONSONATE | Q27: 1 | T27: - | V27: =CONCATENATE(J27,T27,H27,T27,K27) -> ACAJUTLA-0301-OESTE | W27: =CONCATENATE(H27,T27,B27,C27,D27,T27,E27,T27,F27) -> 0301-010611-001-4 | X27: =CONCATENATE(J27,U27,K27) -> ACAJUTLA OESTE | Y27: =CONCATENATE(W27,U27,X27) -> 0301-010611-001-4 ACAJUTLA OESTE | Z27: =CONCATENATE(H27,U27,J27,T27,K27) -> 0301 ACAJUTLA-OESTE | AA27: 166.59 | AB27: 53259 | AC27: 319.7
A28: E1 | B28: 23 | C28: 02 | D28: 78 | E28: 001 | F28: 8 | G28: =[1]DISTRITOS!A28 -> 27 | H28: 0302 | J28: ARMENIA | K28: ESTE | L28: SONSONATE | O28: 1 | T28: - | V28: =CONCATENATE(J28,T28,H28,T28,K28) -> ARMENIA-0302-ESTE | W28: =CONCATENATE(H28,T28,B28,C28,D28,T28,E28,T28,F28) -> 0302-230278-001-8 | X28: =CONCATENATE(J28,U28,K28) -> ARMENIA ESTE | Y28: =CONCATENATE(W28,U28,X28) -> 0302-230278-001-8 ARMENIA ESTE | Z28: =CONCATENATE(H28,U28,J28,T28,K28) -> 0302 ARMENIA-ESTE | AA28: 542.89 | AB28: 160035 | AC28: 294.78
B29: 03 | C29: 10 | D29: 79 | E29: 001 | F29: 9 | G29: =[1]DISTRITOS!A29 -> 28 | H29: 0303 | J29: CALUCO | K29: ESTE | L29: SONSONATE | O29: 1 | T29: - | V29: =CONCATENATE(J29,T29,H29,T29,K29) -> CALUCO-0303-ESTE | W29: =CONCATENATE(H29,T29,B29,C29,D29,T29,E29,T29,F29) -> 0303-031079-001-9 | X29: =CONCATENATE(J29,U29,K29) -> CALUCO ESTE | Y29: =CONCATENATE(W29,U29,X29) -> 0303-031079-001-9 CALUCO ESTE | Z29: =CONCATENATE(H29,U29,J29,T29,K29) -> 0303 CALUCO-ESTE
B30: 03 | C30: 10 | D30: 79 | E30: 001 | F30: 9 | G30: =[1]DISTRITOS!A30 -> 29 | H30: 0304 | J30: CUISNAHUAT | K30: ESTE | L30: SONSONATE | O30: 1 | T30: - | V30: =CONCATENATE(J30,T30,H30,T30,K30) -> CUISNAHUAT-0304-ESTE | W30: =CONCATENATE(H30,T30,B30,C30,D30,T30,E30,T30,F30) -> 0304-031079-001-9 | X30: =CONCATENATE(J30,U30,K30) -> CUISNAHUAT ESTE | Y30: =CONCATENATE(W30,U30,X30) -> 0304-031079-001-9 CUISNAHUAT ESTE | Z30: =CONCATENATE(H30,U30,J30,T30,K30) -> 0304 CUISNAHUAT-ESTE
B31: 03 | C31: 10 | D31: 79 | E31: 001 | F31: 9 | G31: =[1]DISTRITOS!A31 -> 30 | H31: 0305 | J31: SANTA ISABEL ISHUATAN | K31: ESTE | L31: SONSONATE | O31: 1 | T31: - | V31: =CONCATENATE(J31,T31,H31,T31,K31) -> SANTA ISABEL ISHUATAN-0305-ESTE | W31: =CONCATENATE(H31,T31,B31,C31,D31,T31,E31,T31,F31) -> 0305-031079-001-9 | X31: =CONCATENATE(J31,U31,K31) -> SANTA ISABEL ISHUATAN ESTE | Y31: =CONCATENATE(W31,U31,X31) -> 0305-031079-001-9 SANTA ISABEL ISHUATAN ESTE | Z31: =CONCATENATE(H31,U31,J31,T31,K31) -> 0305 SANTA ISABEL ISHUATAN-ESTE
B32: 01 | C32: 06 | D32: 11 | E32: 001 | F32: 4 | G32: =[1]DISTRITOS!A32 -> 31 | H32: 0306 | J32: IZALCO | K32: ESTE | L32: SONSONATE | O32: 1 | T32: - | V32: =CONCATENATE(J32,T32,H32,T32,K32) -> IZALCO-0306-ESTE | W32: =CONCATENATE(H32,T32,B32,C32,D32,T32,E32,T32,F32) -> 0306-010611-001-4 | X32: =CONCATENATE(J32,U32,K32) -> IZALCO ESTE | Y32: =CONCATENATE(W32,U32,X32) -> 0306-010611-001-4 IZALCO ESTE | Z32: =CONCATENATE(H32,U32,J32,T32,K32) -> 0306 IZALCO-ESTE
A33: N1 | B33: 01 | C33: 06 | D33: 11 | E33: 001 | F33: 4 | G33: =[1]DISTRITOS!A33 -> 32 | H33: 0307 | J33: JUAYUA | K33: NORTE | L33: SONSONATE | P33: 1 | T33: - | V33: =CONCATENATE(J33,T33,H33,T33,K33) -> JUAYUA-0307-NORTE | W33: =CONCATENATE(H33,T33,B33,C33,D33,T33,E33,T33,F33) -> 0307-010611-001-4 | X33: =CONCATENATE(J33,U33,K33) -> JUAYUA NORTE | Y33: =CONCATENATE(W33,U33,X33) -> 0307-010611-001-4 JUAYUA NORTE | Z33: =CONCATENATE(H33,U33,J33,T33,K33) -> 0307 JUAYUA-NORTE | AA33: 186.91 | AB33: 89106 | AC33: 476.73
B34: 01 | C34: 06 | D34: 11 | E34: 001 | F34: 4 | G34: =[1]DISTRITOS!A34 -> 33 | H34: 0308 | J34: NAHUIZALCO | K34: NORTE | L34: SONSONATE | P34: 1 | T34: - | V34: =CONCATENATE(J34,T34,H34,T34,K34) -> NAHUIZALCO-0308-NORTE | W34: =CONCATENATE(H34,T34,B34,C34,D34,T34,E34,T34,F34) -> 0308-010611-001-4 | X34: =CONCATENATE(J34,U34,K34) -> NAHUIZALCO NORTE | Y34: =CONCATENATE(W34,U34,X34) -> 0308-010611-001-4 NAHUIZALCO NORTE | Z34: =CONCATENATE(H34,U34,J34,T34,K34) -> 0308 NAHUIZALCO-NORTE
B35: 03 | C35: 10 | D35: 79 | E35: 001 | F35: 9 | G35: =[1]DISTRITOS!A35 -> 34 | H35: 0309 | J35: NAHULINGO | K35: CENTRO | L35: SONSONATE | M35: 1 | T35: - | V35: =CONCATENATE(J35,T35,H35,T35,K35) -> NAHULINGO-0309-CENTRO | W35: =CONCATENATE(H35,T35,B35,C35,D35,T35,E35,T35,F35) -> 0309-031079-001-9 | X35: =CONCATENATE(J35,U35,K35) -> NAHULINGO CENTRO | Y35: =CONCATENATE(W35,U35,X35) -> 0309-031079-001-9 NAHULINGO CENTRO | Z35: =CONCATENATE(H35,U35,J35,T35,K35) -> 0309 NAHULINGO-CENTRO
B36: 03 | C36: 10 | D36: 79 | E36: 001 | F36: 0 | G36: =[1]DISTRITOS!A36 -> 35 | H36: 0310 | J36: SALCOATITAN | K36: NORTE | L36: SONSONATE | P36: 1 | T36: - | V36: =CONCATENATE(J36,T36,H36,T36,K36) -> SALCOATITAN-0310-NORTE | W36: =CONCATENATE(H36,T36,B36,C36,D36,T36,E36,T36,F36) -> 0310-031079-001-0 | X36: =CONCATENATE(J36,U36,K36) -> SALCOATITAN NORTE | Y36: =CONCATENATE(W36,U36,X36) -> 0310-031079-001-0 SALCOATITAN NORTE | Z36: =CONCATENATE(H36,U36,J36,T36,K36) -> 0310 SALCOATITAN-NORTE
B37: 03 | C37: 10 | D37: 79 | E37: 001 | F37: 0 | G37: =[1]DISTRITOS!A37 -> 36 | H37: 0311 | J37: SAN ANTONIO DEL MONTE | K37: CENTRO | L37: SONSONATE | M37: 1 | T37: - | V37: =CONCATENATE(J37,T37,H37,T37,K37) -> SAN ANTONIO DEL MONTE-0311-CENTRO | W37: =CONCATENATE(H37,T37,B37,C37,D37,T37,E37,T37,F37) -> 0311-031079-001-0 | X37: =CONCATENATE(J37,U37,K37) -> SAN ANTONIO DEL MONTE CENTRO | Y37: =CONCATENATE(W37,U37,X37) -> 0311-031079-001-0 SAN ANTONIO DEL MONTE CENTRO | Z37: =CONCATENATE(H37,U37,J37,T37,K37) -> 0311 SAN ANTONIO DEL MONTE-CENTRO
B38: 03 | C38: 10 | D38: 79 | E38: 001 | F38: 0 | G38: =[1]DISTRITOS!A38 -> 37 | H38: 0312 | J38: SAN JULIAN | K38: ESTE | L38: SONSONATE | O38: 1 | T38: - | V38: =CONCATENATE(J38,T38,H38,T38,K38) -> SAN JULIAN-0312-ESTE | W38: =CONCATENATE(H38,T38,B38,C38,D38,T38,E38,T38,F38) -> 0312-031079-001-0 | X38: =CONCATENATE(J38,U38,K38) -> SAN JULIAN ESTE | Y38: =CONCATENATE(W38,U38,X38) -> 0312-031079-001-0 SAN JULIAN ESTE | Z38: =CONCATENATE(H38,U38,J38,T38,K38) -> 0312 SAN JULIAN-ESTE
B39: 03 | C39: 10 | D39: 79 | E39: 001 | F39: 0 | G39: =[1]DISTRITOS!A39 -> 38 | H39: 0313 | J39: SANTA CATARINA MASAHUAT | K39: NORTE | L39: SONSONATE | P39: 1 | T39: - | V39: =CONCATENATE(J39,T39,H39,T39,K39) -> SANTA CATARINA MASAHUAT-0313-NORTE | W39: =CONCATENATE(H39,T39,B39,C39,D39,T39,E39,T39,F39) -> 0313-031079-001-0 | X39: =CONCATENATE(J39,U39,K39) -> SANTA CATARINA MASAHUAT NORTE | Y39: =CONCATENATE(W39,U39,X39) -> 0313-031079-001-0 SANTA CATARINA MASAHUAT NORTE | Z39: =CONCATENATE(H39,U39,J39,T39,K39) -> 0313 SANTA CATARINA MASAHUAT-NORTE
B40: 03 | C40: 10 | D40: 79 | E40: 001 | F40: 0 | G40: =[1]DISTRITOS!A40 -> 39 | H40: 0314 | J40: SANTO DOMINGO DE GUZMAN | K40: CENTRO | L40: SONSONATE | M40: 1 | T40: - | V40: =CONCATENATE(J40,T40,H40,T40,K40) -> SANTO DOMINGO DE GUZMAN-0314-CENTRO | W40: =CONCATENATE(H40,T40,B40,C40,D40,T40,E40,T40,F40) -> 0314-031079-001-0 | X40: =CONCATENATE(J40,U40,K40) -> SANTO DOMINGO DE GUZMAN CENTRO | Y40: =CONCATENATE(W40,U40,X40) -> 0314-031079-001-0 SANTO DOMINGO DE GUZMAN CENTRO | Z40: =CONCATENATE(H40,U40,J40,T40,K40) -> 0314 SANTO DOMINGO DE GUZMAN-CENTRO
A41: 1C | B41: 01 | C41: 06 | D41: 11 | E41: 001 | F41: 5 | G41: =[1]DISTRITOS!A41 -> 40 | H41: 0315 | I41: =[2]DEPARTAMENTOS!A4 -> 3 | J41: SONSONATE | K41: CENTRO | L41: SONSONATE | M41: 1 | T41: - | V41: =CONCATENATE(J41,T41,H41,T41,K41) -> SONSONATE-0315-CENTRO | W41: =CONCATENATE(H41,T41,B41,C41,D41,T41,E41,T41,F41) -> 0315-010611-001-5 | X41: =CONCATENATE(J41,U41,K41) -> SONSONATE CENTRO | Y41: =CONCATENATE(W41,U41,X41) -> 0315-010611-001-5 SONSONATE CENTRO | Z41: =CONCATENATE(H41,U41,J41,T41,K41) -> 0315 SONSONATE-CENTRO | AA41: 329.38 | AB41: 140920 | AC41: 427.83
B42: 03 | C42: 10 | D42: 79 | E42: 001 | F42: 0 | G42: =[1]DISTRITOS!A42 -> 41 | H42: 0316 | J42: SONZACATE | K42: CENTRO | L42: SONSONATE | M42: 1 | T42: - | V42: =CONCATENATE(J42,T42,H42,T42,K42) -> SONZACATE-0316-CENTRO | W42: =CONCATENATE(H42,T42,B42,C42,D42,T42,E42,T42,F42) -> 0316-031079-001-0 | X42: =CONCATENATE(J42,U42,K42) -> SONZACATE CENTRO | Y42: =CONCATENATE(W42,U42,X42) -> 0316-031079-001-0 SONZACATE CENTRO | Z42: =CONCATENATE(H42,U42,J42,T42,K42) -> 0316 SONZACATE-CENTRO
A43: 1C | B43: 04 | C43: 10 | D43: 79 | E43: 001 | F43: 9 | G43: =[1]DISTRITOS!A43 -> 42 | H43: 0401 | J43: AGUA CALIENTE | K43: CENTRO | L43: CHALATENANGO | M43: 1 | T43: - | V43: =CONCATENATE(J43,T43,H43,T43,K43) -> AGUA CALIENTE-0401-CENTRO | W43: =CONCATENATE(H43,T43,B43,C43,D43,T43,E43,T43,F43) -> 0401-041079-001-9 | X43: =CONCATENATE(J43,U43,K43) -> AGUA CALIENTE CENTRO | Y43: =CONCATENATE(W43,U43,X43) -> 0401-041079-001-9 AGUA CALIENTE CENTRO | Z43: =CONCATENATE(H43,U43,J43,T43,K43) -> 0401 AGUA CALIENTE-CENTRO | AA43: 1018.45 | AB43: 100658 | AC43: 98.83
A44: S1 | B44: 04 | C44: 10 | D44: 79 | E44: 001 | F44: 9 | G44: =[1]DISTRITOS!A44 -> 43 | H44: 0402 | J44: ARCATAO | K44: SUR | L44: CHALATENANGO | R44: 1 | T44: - | V44: =CONCATENATE(J44,T44,H44,T44,K44) -> ARCATAO-0402-SUR | W44: =CONCATENATE(H44,T44,B44,C44,D44,T44,E44,T44,F44) -> 0402-041079-001-9 | X44: =CONCATENATE(J44,U44,K44) -> ARCATAO SUR | Y44: =CONCATENATE(W44,U44,X44) -> 0402-041079-001-9 ARCATAO SUR | Z44: =CONCATENATE(H44,U44,J44,T44,K44) -> 0402 ARCATAO-SUR | AA44: 713.99 | AB44: 74809 | AC44: 104.78
B45: 04 | C45: 10 | D45: 79 | E45: 001 | F45: 9 | G45: =[1]DISTRITOS!A45 -> 44 | H45: 0403 | J45: AZACUALPA | K45: SUR | L45: CHALATENANGO | R45: 1 | T45: - | V45: =CONCATENATE(J45,T45,H45,T45,K45) -> AZACUALPA-0403-SUR | W45: =CONCATENATE(H45,T45,B45,C45,D45,T45,E45,T45,F45) -> 0403-041079-001-9 | X45: =CONCATENATE(J45,U45,K45) -> AZACUALPA SUR | Y45: =CONCATENATE(W45,U45,X45) -> 0403-041079-001-9 AZACUALPA SUR | Z45: =CONCATENATE(H45,U45,J45,T45,K45) -> 0403 AZACUALPA-SUR
A46: N1 | B46: 04 | C46: 10 | D46: 79 | E46: 001 | F46: 9 | G46: =[1]DISTRITOS!A46 -> 45 | H46: 0404 | J46: CITALA | K46: NORTE | L46: CHALATENANGO | P46: 1 | T46: - | V46: =CONCATENATE(J46,T46,H46,T46,K46) -> CITALA-0404-NORTE | W46: =CONCATENATE(H46,T46,B46,C46,D46,T46,E46,T46,F46) -> 0404-041079-001-9 | X46: =CONCATENATE(J46,U46,K46) -> CITALA NORTE | Y46: =CONCATENATE(W46,U46,X46) -> 0404-041079-001-9 CITALA NORTE | Z46: =CONCATENATE(H46,U46,J46,T46,K46) -> 0404 CITALA-NORTE | AA46: 284.11 | AB46: 54881 | AC46: 193.17
B47: 04 | C47: 10 | D47: 79 | E47: 001 | F47: 9 | G47: =[1]DISTRITOS!A47 -> 46 | H47: 0405 | J47: COMALAPA | K47: SUR | L47: CHALATENANGO | R47: 1 | T47: - | V47: =CONCATENATE(J47,T47,H47,T47,K47) -> COMALAPA-0405-SUR | W47: =CONCATENATE(H47,T47,B47,C47,D47,T47,E47,T47,F47) -> 0405-041079-001-9 | X47: =CONCATENATE(J47,U47,K47) -> COMALAPA SUR | Y47: =CONCATENATE(W47,U47,X47) -> 0405-041079-001-9 COMALAPA SUR | Z47: =CONCATENATE(H47,U47,J47,T47,K47) -> 0405 COMALAPA-SUR
B48: 04 | C48: 10 | D48: 79 | E48: 001 | F48: 9 | G48: =[1]DISTRITOS!A48 -> 47 | H48: 0406 | J48: CONCEPCION QUEZALTEPEQUE | K48: SUR | L48: CHALATENANGO | R48: 1 | T48: - | V48: =CONCATENATE(J48,T48,H48,T48,K48) -> CONCEPCION QUEZALTEPEQUE -0406-SUR | W48: =CONCATENATE(H48,T48,B48,C48,D48,T48,E48,T48,F48) -> 0406-041079-001-9 | X48: =CONCATENATE(J48,U48,K48) -> CONCEPCION QUEZALTEPEQUE SUR | Y48: =CONCATENATE(W48,U48,X48) -> 0406-041079-001-9 CONCEPCION QUEZALTEPEQUE SUR | Z48: =CONCATENATE(H48,U48,J48,T48,K48) -> 0406 CONCEPCION QUEZALTEPEQUE -SUR
B49: 01 | C49: 06 | D49: 11 | E49: 001 | F49: 6 | G49: =[1]DISTRITOS!A49 -> 48 | H49: 0407 | I49: =[2]DEPARTAMENTOS!A5 -> 4 | J49: CHALATENANGO | K49: SUR | L49: CHALATENANGO | R49: 1 | T49: - | V49: =CONCATENATE(J49,T49,H49,T49,K49) -> CHALATENANGO-0407-SUR | W49: =CONCATENATE(H49,T49,B49,C49,D49,T49,E49,T49,F49) -> 0407-010611-001-6 | X49: =CONCATENATE(J49,U49,K49) -> CHALATENANGO SUR | Y49: =CONCATENATE(W49,U49,X49) -> 0407-010611-001-6 CHALATENANGO SUR | Z49: =CONCATENATE(H49,U49,J49,T49,K49) -> 0407 CHALATENANGO-SUR
B50: 04 | C50: 10 | D50: 79 | E50: 001 | F50: 9 | G50: =[1]DISTRITOS!A50 -> 49 | H50: 0408 | J50: DULCE NOMBRE DE MARIA | K50: CENTRO | L50: CHALATENANGO | M50: 1 | T50: - | V50: =CONCATENATE(J50,T50,H50,T50,K50) -> DULCE NOMBRE DE MARIA-0408-CENTRO | W50: =CONCATENATE(H50,T50,B50,C50,D50,T50,E50,T50,F50) -> 0408-041079-001-9 | X50: =CONCATENATE(J50,U50,K50) -> DULCE NOMBRE DE MARIA CENTRO | Y50: =CONCATENATE(W50,U50,X50) -> 0408-041079-001-9 DULCE NOMBRE DE MARIA CENTRO | Z50: =CONCATENATE(H50,U50,J50,T50,K50) -> 0408 DULCE NOMBRE DE MARIA-CENTRO
B51: 04 | C51: 10 | D51: 79 | E51: 001 | F51: 9 | G51: =[1]DISTRITOS!A51 -> 50 | H51: 0409 | J51: EL CARRIZAL | K51: SUR | L51: CHALATENANGO | R51: 1 | T51: - | V51: =CONCATENATE(J51,T51,H51,T51,K51) -> EL CARRIZAL-0409-SUR | W51: =CONCATENATE(H51,T51,B51,C51,D51,T51,E51,T51,F51) -> 0409-041079-001-9 | X51: =CONCATENATE(J51,U51,K51) -> EL CARRIZAL SUR | Y51: =CONCATENATE(W51,U51,X51) -> 0409-041079-001-9 EL CARRIZAL SUR | Z51: =CONCATENATE(H51,U51,J51,T51,K51) -> 0409 EL CARRIZAL-SUR
B52: 04 | C52: 10 | D52: 79 | E52: 001 | F52: 0 | G52: =[1]DISTRITOS!A52 -> 51 | H52: 0410 | J52: EL PARAISO | K52: CENTRO | L52: CHALATENANGO | M52: 1 | T52: - | V52: =CONCATENATE(J52,T52,H52,T52,K52) -> EL PARAISO-0410-CENTRO | W52: =CONCATENATE(H52,T52,B52,C52,D52,T52,E52,T52,F52) -> 0410-041079-001-0 | X52: =CONCATENATE(J52,U52,K52) -> EL PARAISO CENTRO | Y52: =CONCATENATE(W52,U52,X52) -> 0410-041079-001-0 EL PARAISO CENTRO | Z52: =CONCATENATE(H52,U52,J52,T52,K52) -> 0410 EL PARAISO-CENTRO
B53: 04 | C53: 10 | D53: 79 | E53: 001 | F53: 0 | G53: =[1]DISTRITOS!A53 -> 52 | H53: 0411 | J53: LA LAGUNA | K53: SUR | L53: CHALATENANGO | R53: 1 | T53: - | V53: =CONCATENATE(J53,T53,H53,T53,K53) -> LA LAGUNA-0411-SUR | W53: =CONCATENATE(H53,T53,B53,C53,D53,T53,E53,T53,F53) -> 0411-041079-001-0 | X53: =CONCATENATE(J53,U53,K53) -> LA LAGUNA SUR | Y53: =CONCATENATE(W53,U53,X53) -> 0411-041079-001-0 LA LAGUNA SUR | Z53: =CONCATENATE(H53,U53,J53,T53,K53) -> 0411 LA LAGUNA-SUR
B54: 04 | C54: 10 | D54: 79 | E54: 001 | F54: 0 | G54: =[1]DISTRITOS!A54 -> 53 | H54: 0412 | J54: LA PALMA | K54: NORTE | L54: CHALATENANGO | P54: 1 | T54: - | V54: =CONCATENATE(J54,T54,H54,T54,K54) -> LA PALMA-0412-NORTE | W54: =CONCATENATE(H54,T54,B54,C54,D54,T54,E54,T54,F54) -> 0412-041079-001-0 | X54: =CONCATENATE(J54,U54,K54) -> LA PALMA NORTE | Y54: =CONCATENATE(W54,U54,X54) -> 0412-041079-001-0 LA PALMA NORTE | Z54: =CONCATENATE(H54,U54,J54,T54,K54) -> 0412 LA PALMA-NORTE
B55: 24 | C55: 06 | D55: 30 | E55: 001 | F55: 8 | G55: =[1]DISTRITOS!A55 -> 54 | H55: 0413 | J55: LA REINA | K55: CENTRO | L55: CHALATENANGO | M55: 1 | T55: - | V55: =CONCATENATE(J55,T55,H55,T55,K55) -> LA REINA-0413-CENTRO | W55: =CONCATENATE(H55,T55,B55,C55,D55,T55,E55,T55,F55) -> 0413-240630-001-8 | X55: =CONCATENATE(J55,U55,K55) -> LA REINA CENTRO | Y55: =CONCATENATE(W55,U55,X55) -> 0413-240630-001-8 LA REINA CENTRO | Z55: =CONCATENATE(H55,U55,J55,T55,K55) -> 0413 LA REINA-CENTRO
B56: 04 | C56: 10 | D56: 79 | E56: 001 | F56: 0 | G56: =[1]DISTRITOS!A56 -> 55 | H56: 0414 | J56: LAS VUELTAS | K56: SUR | L56: CHALATENANGO | R56: 1 | T56: - | V56: =CONCATENATE(J56,T56,H56,T56,K56) -> LAS VUELTAS-0414-SUR | W56: =CONCATENATE(H56,T56,B56,C56,D56,T56,E56,T56,F56) -> 0414-041079-001-0 | X56: =CONCATENATE(J56,U56,K56) -> LAS VUELTAS SUR | Y56: =CONCATENATE(W56,U56,X56) -> 0414-041079-001-0 LAS VUELTAS SUR | Z56: =CONCATENATE(H56,U56,J56,T56,K56) -> 0414 LAS VUELTAS-SUR
B57: 04 | C57: 10 | D57: 79 | E57: 001 | F57: 0 | G57: =[1]DISTRITOS!A57 -> 56 | H57: 0415 | J57: NOMBRE DE JESUS | K57: SUR | L57: CHALATENANGO | R57: 1 | T57: - | V57: =CONCATENATE(J57,T57,H57,T57,K57) -> NOMBRE DE JESUS-0415-SUR | W57: =CONCATENATE(H57,T57,B57,C57,D57,T57,E57,T57,F57) -> 0415-041079-001-0 | X57: =CONCATENATE(J57,U57,K57) -> NOMBRE DE JESUS SUR | Y57: =CONCATENATE(W57,U57,X57) -> 0415-041079-001-0 NOMBRE DE JESUS SUR | Z57: =CONCATENATE(H57,U57,J57,T57,K57) -> 0415 NOMBRE DE JESUS-SUR
B58: 04 | C58: 10 | D58: 79 | E58: 001 | F58: 0 | G58: =[1]DISTRITOS!A58 -> 57 | H58: 0416 | J58: NUEVA CONCEPCION | K58: CENTRO | L58: CHALATENANGO | M58: 1 | T58: - | V58: =CONCATENATE(J58,T58,H58,T58,K58) -> NUEVA CONCEPCION-0416-CENTRO | W58: =CONCATENATE(H58,T58,B58,C58,D58,T58,E58,T58,F58) -> 0416-041079-001-0 | X58: =CONCATENATE(J58,U58,K58) -> NUEVA CONCEPCION CENTRO | Y58: =CONCATENATE(W58,U58,X58) -> 0416-041079-001-0 NUEVA CONCEPCION CENTRO | Z58: =CONCATENATE(H58,U58,J58,T58,K58) -> 0416 NUEVA CONCEPCION-CENTRO
B59: 04 | C59: 10 | D59: 79 | E59: 001 | F59: 0 | G59: =[1]DISTRITOS!A59 -> 58 | H59: 0417 | J59: NUEVA TRINIDAD | K59: SUR | L59: CHALATENANGO | R59: 1 | T59: - | V59: =CONCATENATE(J59,T59,H59,T59,K59) -> NUEVA TRINIDAD-0417-SUR | W59: =CONCATENATE(H59,T59,B59,C59,D59,T59,E59,T59,F59) -> 0417-041079-001-0 | X59: =CONCATENATE(J59,U59,K59) -> NUEVA TRINIDAD SUR | Y59: =CONCATENATE(W59,U59,X59) -> 0417-041079-001-0 NUEVA TRINIDAD SUR | Z59: =CONCATENATE(H59,U59,J59,T59,K59) -> 0417 NUEVA TRINIDAD-SUR
B60: 04 | C60: 10 | D60: 79 | E60: 001 | F60: 0 | G60: =[1]DISTRITOS!A60 -> 59 | H60: 0418 | J60: OJOS DE AGUA | K60: SUR | L60: CHALATENANGO | R60: 1 | T60: - | V60: =CONCATENATE(J60,T60,H60,T60,K60) -> OJOS DE AGUA-0418-SUR | W60: =CONCATENATE(H60,T60,B60,C60,D60,T60,E60,T60,F60) -> 0418-041079-001-0 | X60: =CONCATENATE(J60,U60,K60) -> OJOS DE AGUA SUR | Y60: =CONCATENATE(W60,U60,X60) -> 0418-041079-001-0 OJOS DE AGUA SUR | Z60: =CONCATENATE(H60,U60,J60,T60,K60) -> 0418 OJOS DE AGUA-SUR
B61: 04 | C61: 10 | D61: 79 | E61: 001 | F61: 0 | G61: =[1]DISTRITOS!A61 -> 60 | H61: 0419 | J61: POTONICO | K61: SUR | L61: CHALATENANGO | R61: 1 | T61: - | V61: =CONCATENATE(J61,T61,H61,T61,K61) -> POTONICO-0419-SUR | W61: =CONCATENATE(H61,T61,B61,C61,D61,T61,E61,T61,F61) -> 0419-041079-001-0 | X61: =CONCATENATE(J61,U61,K61) -> POTONICO SUR | Y61: =CONCATENATE(W61,U61,X61) -> 0419-041079-001-0 POTONICO SUR | Z61: =CONCATENATE(H61,U61,J61,T61,K61) -> 0419 POTONICO-SUR
B62: 04 | C62: 10 | D62: 79 | E62: 001 | F62: 0 | G62: =[1]DISTRITOS!A62 -> 61 | H62: 0420 | J62: SAN ANTONIO DE LA CRUZ | K62: SUR | L62: CHALATENANGO | R62: 1 | T62: - | V62: =CONCATENATE(J62,T62,H62,T62,K62) -> SAN ANTONIO DE LA CRUZ-0420-SUR | W62: =CONCATENATE(H62,T62,B62,C62,D62,T62,E62,T62,F62) -> 0420-041079-001-0 | X62: =CONCATENATE(J62,U62,K62) -> SAN ANTONIO DE LA CRUZ SUR | Y62: =CONCATENATE(W62,U62,X62) -> 0420-041079-001-0 SAN ANTONIO DE LA CRUZ SUR | Z62: =CONCATENATE(H62,U62,J62,T62,K62) -> 0420 SAN ANTONIO DE LA CRUZ-SUR
B63: 04 | C63: 10 | D63: 79 | E63: 001 | F63: 0 | G63: =[1]DISTRITOS!A63 -> 62 | H63: 0421 | J63: SAN ANTONIO LOS RANCHOS | K63: SUR | L63: CHALATENANGO | R63: 1 | T63: - | V63: =CONCATENATE(J63,T63,H63,T63,K63) -> SAN ANTONIO LOS RANCHOS-0421-SUR | W63: =CONCATENATE(H63,T63,B63,C63,D63,T63,E63,T63,F63) -> 0421-041079-001-0 | X63: =CONCATENATE(J63,U63,K63) -> SAN ANTONIO LOS RANCHOS SUR | Y63: =CONCATENATE(W63,U63,X63) -> 0421-041079-001-0 SAN ANTONIO LOS RANCHOS SUR | Z63: =CONCATENATE(H63,U63,J63,T63,K63) -> 0421 SAN ANTONIO LOS RANCHOS-SUR
B64: 04 | C64: 10 | D64: 79 | E64: 001 | F64: 0 | G64: =[1]DISTRITOS!A64 -> 63 | H64: 0422 | J64: SAN FERNANDO | K64: CENTRO | L64: CHALATENANGO | M64: 1 | T64: - | V64: =CONCATENATE(J64,T64,H64,T64,K64) -> SAN FERNANDO-0422-CENTRO | W64: =CONCATENATE(H64,T64,B64,C64,D64,T64,E64,T64,F64) -> 0422-041079-001-0 | X64: =CONCATENATE(J64,U64,K64) -> SAN FERNANDO CENTRO | Y64: =CONCATENATE(W64,U64,X64) -> 0422-041079-001-0 SAN FERNANDO CENTRO | Z64: =CONCATENATE(H64,U64,J64,T64,K64) -> 0422 SAN FERNANDO-CENTRO
B65: 04 | C65: 10 | D65: 79 | E65: 001 | F65: 0 | G65: =[1]DISTRITOS!A65 -> 64 | H65: 0423 | J65: SAN FRANCISCO LEMPA | K65: SUR | L65: CHALATENANGO | R65: 1 | T65: - | V65: =CONCATENATE(J65,T65,H65,T65,K65) -> SAN FRANCISCO LEMPA-0423-SUR | W65: =CONCATENATE(H65,T65,B65,C65,D65,T65,E65,T65,F65) -> 0423-041079-001-0 | X65: =CONCATENATE(J65,U65,K65) -> SAN FRANCISCO LEMPA SUR | Y65: =CONCATENATE(W65,U65,X65) -> 0423-041079-001-0 SAN FRANCISCO LEMPA SUR | Z65: =CONCATENATE(H65,U65,J65,T65,K65) -> 0423 SAN FRANCISCO LEMPA-SUR
B66: 04 | C66: 10 | D66: 79 | E66: 001 | F66: 0 | G66: =[1]DISTRITOS!A66 -> 65 | H66: 0424 | J66: SAN FRANCISCO MORAZAN | K66: CENTRO | L66: CHALATENANGO | M66: 1 | T66: - | V66: =CONCATENATE(J66,T66,H66,T66,K66) -> SAN FRANCISCO MORAZAN-0424-CENTRO | W66: =CONCATENATE(H66,T66,B66,C66,D66,T66,E66,T66,F66) -> 0424-041079-001-0 | X66: =CONCATENATE(J66,U66,K66) -> SAN FRANCISCO MORAZAN CENTRO | Y66: =CONCATENATE(W66,U66,X66) -> 0424-041079-001-0 SAN FRANCISCO MORAZAN CENTRO | Z66: =CONCATENATE(H66,U66,J66,T66,K66) -> 0424 SAN FRANCISCO MORAZAN-CENTRO
B67: 04 | C67: 10 | D67: 79 | E67: 001 | F67: 0 | G67: =[1]DISTRITOS!A67 -> 66 | H67: 0425 | J67: SAN IGNACIO | K67: NORTE | L67: CHALATENANGO | P67: 1 | T67: - | V67: =CONCATENATE(J67,T67,H67,T67,K67) -> SAN IGNACIO-0425-NORTE | W67: =CONCATENATE(H67,T67,B67,C67,D67,T67,E67,T67,F67) -> 0425-041079-001-0 | X67: =CONCATENATE(J67,U67,K67) -> SAN IGNACIO NORTE | Y67: =CONCATENATE(W67,U67,X67) -> 0425-041079-001-0 SAN IGNACIO NORTE | Z67: =CONCATENATE(H67,U67,J67,T67,K67) -> 0425 SAN IGNACIO-NORTE
B68: 04 | C68: 10 | D68: 79 | E68: 001 | F68: 0 | G68: =[1]DISTRITOS!A68 -> 67 | H68: 0426 | J68: SAN ISIDRO LABRADOR | K68: SUR | L68: CHALATENANGO | R68: 1 | T68: - | V68: =CONCATENATE(J68,T68,H68,T68,K68) -> SAN ISIDRO LABRADOR-0426-SUR | W68: =CONCATENATE(H68,T68,B68,C68,D68,T68,E68,T68,F68) -> 0426-041079-001-0 | X68: =CONCATENATE(J68,U68,K68) -> SAN ISIDRO LABRADOR SUR | Y68: =CONCATENATE(W68,U68,X68) -> 0426-041079-001-0 SAN ISIDRO LABRADOR SUR | Z68: =CONCATENATE(H68,U68,J68,T68,K68) -> 0426 SAN ISIDRO LABRADOR-SUR
B69: 04 | C69: 10 | D69: 79 | E69: 001 | F69: 0 | G69: =[1]DISTRITOS!A69 -> 68 | H69: 0427 | J69: CANCASTE | K69: SUR | L69: CHALATENANGO | R69: 1 | T69: - | V69: =CONCATENATE(J69,T69,H69,T69,K69) -> CANCASTE-0427-SUR | W69: =CONCATENATE(H69,T69,B69,C69,D69,T69,E69,T69,F69) -> 0427-041079-001-0 | X69: =CONCATENATE(J69,U69,K69) -> CANCASTE SUR | Y69: =CONCATENATE(W69,U69,X69) -> 0427-041079-001-0 CANCASTE SUR | Z69: =CONCATENATE(H69,U69,J69,T69,K69) -> 0427 CANCASTE-SUR
B70: 04 | C70: 10 | D70: 79 | E70: 001 | F70: 0 | G70: =[1]DISTRITOS!A70 -> 69 | H70: 0428 | J70: SAN JOSE LAS FLORES | K70: SUR | L70: CHALATENANGO | R70: 1 | T70: - | V70: =CONCATENATE(J70,T70,H70,T70,K70) -> SAN JOSE LAS FLORES-0428-SUR | W70: =CONCATENATE(H70,T70,B70,C70,D70,T70,E70,T70,F70) -> 0428-041079-001-0 | X70: =CONCATENATE(J70,U70,K70) -> SAN JOSE LAS FLORES SUR | Y70: =CONCATENATE(W70,U70,X70) -> 0428-041079-001-0 SAN JOSE LAS FLORES SUR | Z70: =CONCATENATE(H70,U70,J70,T70,K70) -> 0428 SAN JOSE LAS FLORES-SUR
B71: 04 | C71: 10 | D71: 79 | E71: 001 | F71: 0 | G71: =[1]DISTRITOS!A71 -> 70 | H71: 0429 | J71: SAN LUIS DEL CARMEN | K71: SUR | L71: CHALATENANGO | R71: 1 | T71: - | V71: =CONCATENATE(J71,T71,H71,T71,K71) -> SAN LUIS DEL CARMEN-0429-SUR | W71: =CONCATENATE(H71,T71,B71,C71,D71,T71,E71,T71,F71) -> 0429-041079-001-0 | X71: =CONCATENATE(J71,U71,K71) -> SAN LUIS DEL CARMEN SUR | Y71: =CONCATENATE(W71,U71,X71) -> 0429-041079-001-0 SAN LUIS DEL CARMEN SUR | Z71: =CONCATENATE(H71,U71,J71,T71,K71) -> 0429 SAN LUIS DEL CARMEN-SUR
B72: 04 | C72: 10 | D72: 79 | E72: 001 | F72: 1 | G72: =[1]DISTRITOS!A72 -> 71 | H72: 0430 | J72: SAN MIGUEL DE MERCEDES | K72: SUR | L72: CHALATENANGO | R72: 1 | T72: - | V72: =CONCATENATE(J72,T72,H72,T72,K72) -> SAN MIGUEL DE MERCEDES-0430-SUR | W72: =CONCATENATE(H72,T72,B72,C72,D72,T72,E72,T72,F72) -> 0430-041079-001-1 | X72: =CONCATENATE(J72,U72,K72) -> SAN MIGUEL DE MERCEDES SUR | Y72: =CONCATENATE(W72,U72,X72) -> 0430-041079-001-1 SAN MIGUEL DE MERCEDES SUR | Z72: =CONCATENATE(H72,U72,J72,T72,K72) -> 0430 SAN MIGUEL DE MERCEDES-SUR
B73: 31 | C73: 01 | D73: 81 | E73: 001 | F73: 0 | G73: =[1]DISTRITOS!A73 -> 72 | H73: 0431 | J73: SAN RAFAEL | K73: CENTRO | L73: CHALATENANGO | M73: 1 | T73: - | V73: =CONCATENATE(J73,T73,H73,T73,K73) -> SAN RAFAEL-0431-CENTRO | W73: =CONCATENATE(H73,T73,B73,C73,D73,T73,E73,T73,F73) -> 0431-310181-001-0 | X73: =CONCATENATE(J73,U73,K73) -> SAN RAFAEL CENTRO | Y73: =CONCATENATE(W73,U73,X73) -> 0431-310181-001-0 SAN RAFAEL CENTRO | Z73: =CONCATENATE(H73,U73,J73,T73,K73) -> 0431 SAN RAFAEL-CENTRO
B74: 04 | C74: 10 | D74: 79 | E74: 001 | F74: 1 | G74: =[1]DISTRITOS!A74 -> 73 | H74: 0432 | J74: SANTA RITA | K74: CENTRO | L74: CHALATENANGO | M74: 1 | T74: - | V74: =CONCATENATE(J74,T74,H74,T74,K74) -> SANTA RITA-0432-CENTRO | W74: =CONCATENATE(H74,T74,B74,C74,D74,T74,E74,T74,F74) -> 0432-041079-001-1 | X74: =CONCATENATE(J74,U74,K74) -> SANTA RITA CENTRO | Y74: =CONCATENATE(W74,U74,X74) -> 0432-041079-001-1 SANTA RITA CENTRO | Z74: =CONCATENATE(H74,U74,J74,T74,K74) -> 0432 SANTA RITA-CENTRO
B75: 04 | C75: 10 | D75: 79 | E75: 001 | F75: 1 | G75: =[1]DISTRITOS!A75 -> 74 | H75: 0433 | J75: TEJUTLA | K75: CENTRO | L75: CHALATENANGO | M75: 1 | T75: - | V75: =CONCATENATE(J75,T75,H75,T75,K75) -> TEJUTLA-0433-CENTRO | W75: =CONCATENATE(H75,T75,B75,C75,D75,T75,E75,T75,F75) -> 0433-041079-001-1 | X75: =CONCATENATE(J75,U75,K75) -> TEJUTLA CENTRO | Y75: =CONCATENATE(W75,U75,X75) -> 0433-041079-001-1 TEJUTLA CENTRO | Z75: =CONCATENATE(H75,U75,J75,T75,K75) -> 0433 TEJUTLA-CENTRO
A76: E1 | B76: 01 | C76: 06 | D76: 11 | E76: 001 | F76: 8 | G76: =[1]DISTRITOS!A76 -> 75 | H76: 0501 | J76: ANTIGUO CUSCATLAN | K76: ESTE | L76: LA LIBERTAD | O76: 1 | T76: - | V76: =CONCATENATE(J76,T76,H76,T76,K76) -> ANTIGUO CUSCATLAN-0501-ESTE | W76: =CONCATENATE(H76,T76,B76,C76,D76,T76,E76,T76,F76) -> 0501-010611-001-8 | X76: =CONCATENATE(J76,U76,K76) -> ANTIGUO CUSCATLAN ESTE | Y76: =CONCATENATE(W76,U76,X76) -> 0501-010611-001-8 ANTIGUO CUSCATLAN ESTE | Z76: =CONCATENATE(H76,U76,J76,T76,K76) -> 0501 ANTIGUO CUSCATLAN-ESTE | AA76: 134.58 | AB76: 132697 | AC76: 986.01
B77: 05 | C77: 10 | D77: 79 | E77: 001 | F77: 9 | G77: =[1]DISTRITOS!A77 -> 76 | H77: 0502 | J77: CIUDAD ARCE | K77: CENTRO | L77: LA LIBERTAD | M77: 1 | T77: - | V77: =CONCATENATE(J77,T77,H77,T77,K77) -> CIUDAD ARCE-0502-CENTRO | W77: =CONCATENATE(H77,T77,B77,C77,D77,T77,E77,T77,F77) -> 0502-051079-001-9 | X77: =CONCATENATE(J77,U77,K77) -> CIUDAD ARCE CENTRO | Y77: =CONCATENATE(W77,U77,X77) -> 0502-051079-001-9 CIUDAD ARCE CENTRO | Z77: =CONCATENATE(H77,U77,J77,T77,K77) -> 0502 CIUDAD ARCE-CENTRO
A78: O1 | B78: 03 | C78: 06 | D78: 79 | E78: 001 | F78: 3 | G78: =[1]DISTRITOS!A78 -> 77 | H78: 0503 | J78: COLON | K78: OESTE | L78: LA LIBERTAD | Q78: 1 | T78: - | V78: =CONCATENATE(J78,T78,H78,T78,K78) -> COLON-0503-OESTE | W78: =CONCATENATE(H78,T78,B78,C78,D78,T78,E78,T78,F78) -> 0503-030679-001-3 | X78: =CONCATENATE(J78,U78,K78) -> COLON OESTE | Y78: =CONCATENATE(W78,U78,X78) -> 0503-030679-001-3 COLON OESTE | Z78: =CONCATENATE(H78,U78,J78,T78,K78) -> 0503 COLON-OESTE | AA78: 276.98 | AB78: 148980 | AC78: 537.87
B79: 25 | C79: 03 | D79: 24 | E79: 001 | F79: 9 | G79: =[1]DISTRITOS!A79 -> 78 | H79: 0504 | J79: COMASAGUA | K79: SUR | L79: LA LIBERTAD | R79: 1 | T79: - | V79: =CONCATENATE(J79,T79,H79,T79,K79) -> COMASAGUA-0504-SUR | W79: =CONCATENATE(H79,T79,B79,C79,D79,T79,E79,T79,F79) -> 0504-250324-001-9 | X79: =CONCATENATE(J79,U79,K79) -> COMASAGUA SUR | Y79: =CONCATENATE(W79,U79,X79) -> 0504-250324-001-9 COMASAGUA SUR | Z79: =CONCATENATE(H79,U79,J79,T79,K79) -> 0504 COMASAGUA-SUR
A80: N1 | B80: 05 | C80: 10 | D80: 79 | E80: 001 | F80: 9 | G80: =[1]DISTRITOS!A80 -> 79 | H80: 0505 | J80: CHILTIUPAN | K80: NORTE | L80: LA LIBERTAD | N80: 1 | T80: - | V80: =CONCATENATE(J80,T80,H80,T80,K80) -> CHILTIUPAN-0505-NORTE | W80: =CONCATENATE(H80,T80,B80,C80,D80,T80,E80,T80,F80) -> 0505-051079-001-9 | X80: =CONCATENATE(J80,U80,K80) -> CHILTIUPAN NORTE | Y80: =CONCATENATE(W80,U80,X80) -> 0505-051079-001-9 CHILTIUPAN NORTE | Z80: =CONCATENATE(H80,U80,J80,T80,K80) -> 0505 CHILTIUPAN-NORTE | AA80: 440.98 | AB80: 79906 | AC80: 181.2
B81: 05 | C81: 10 | D81: 79 | E81: 001 | F81: 9 | G81: =[1]DISTRITOS!A81 -> 80 | H81: 0506 | J81: HUIZUCAR | K81: ESTE | L81: LA LIBERTAD | O81: 1 | T81: - | V81: =CONCATENATE(J81,T81,H81,T81,K81) -> HUIZUCAR-0506-ESTE | W81: =CONCATENATE(H81,T81,B81,C81,D81,T81,E81,T81,F81) -> 0506-051079-001-9 | X81: =CONCATENATE(J81,U81,K81) -> HUIZUCAR ESTE | Y81: =CONCATENATE(W81,U81,X81) -> 0506-051079-001-9 HUIZUCAR ESTE | Z81: =CONCATENATE(H81,U81,J81,T81,K81) -> 0506 HUIZUCAR-ESTE
B82: 05 | C82: 10 | D82: 79 | E82: 001 | F82: 9 | G82: =[1]DISTRITOS!A82 -> 81 | H82: 0507 | J82: JAYAQUE | K82: OESTE | L82: LA LIBERTAD | Q82: 1 | T82: - | V82: =CONCATENATE(J82,T82,H82,T82,K82) -> JAYAQUE-0507-OESTE | W82: =CONCATENATE(H82,T82,B82,C82,D82,T82,E82,T82,F82) -> 0507-051079-001-9 | X82: =CONCATENATE(J82,U82,K82) -> JAYAQUE OESTE | Y82: =CONCATENATE(W82,U82,X82) -> 0507-051079-001-9 JAYAQUE OESTE | Z82: =CONCATENATE(H82,U82,J82,T82,K82) -> 0507 JAYAQUE-OESTE
B83: 05 | C83: 10 | D83: 79 | E83: 001 | F83: 9 | G83: =[1]DISTRITOS!A83 -> 82 | H83: 0508 | J83: JICALAPA | K83: COSTA | L83: LA LIBERTAD | N83: 1 | T83: - | V83: =CONCATENATE(J83,T83,H83,T83,K83) -> JICALAPA-0508-COSTA | W83: =CONCATENATE(H83,T83,B83,C83,D83,T83,E83,T83,F83) -> 0508-051079-001-9 | X83: =CONCATENATE(J83,U83,K83) -> JICALAPA COSTA | Y83: =CONCATENATE(W83,U83,X83) -> 0508-051079-001-9 JICALAPA COSTA | Z83: =CONCATENATE(H83,U83,J83,T83,K83) -> 0508 JICALAPA-COSTA
A84: C2 | B84: 01 | C84: 06 | D84: 11 | E84: 001 | F84: 8 | G84: =[1]DISTRITOS!A84 -> 83 | H84: 0509 | I84: =[2]DEPARTAMENTOS!A6 -> 5 | J84: LA LIBERTAD | K84: =LOWER(_xlfn.TEXTAFTER(TRIM(L84), " ", -1)) -> costa | L84: LA LIBERTAD COSTA | N84: 1 | T84: - | V84: =CONCATENATE(J84,T84,H84,T84,K84) -> LA LIBERTAD-0509-costa | W84: =CONCATENATE(H84,T84,B84,C84,D84,T84,E84,T84,F84) -> 0509-010611-001-8 | X84: =CONCATENATE(J84,U84,K84) -> LA LIBERTAD costa | Y84: =CONCATENATE(W84,U84,X84) -> 0509-010611-001-8 LA LIBERTAD costa | Z84: =CONCATENATE(H84,U84,J84,T84,K84) -> 0509 LA LIBERTAD-costa
B85: 05 | C85: 10 | D85: 79 | E85: 001 | F85: 0 | G85: =[1]DISTRITOS!A85 -> 84 | H85: 0510 | J85: NUEVO CUSCATLAN | K85: ESTE | L85: LA LIBERTAD | O85: 1 | T85: - | V85: =CONCATENATE(J85,T85,H85,T85,K85) -> NUEVO CUSCATLAN-0510-ESTE | W85: =CONCATENATE(H85,T85,B85,C85,D85,T85,E85,T85,F85) -> 0510-051079-001-0 | X85: =CONCATENATE(J85,U85,K85) -> NUEVO CUSCATLAN ESTE | Y85: =CONCATENATE(W85,U85,X85) -> 0510-051079-001-0 NUEVO CUSCATLAN ESTE | Z85: =CONCATENATE(H85,U85,J85,T85,K85) -> 0510 NUEVO CUSCATLAN-ESTE
A86: S1 | B86: 01 | C86: 06 | D86: 11 | E86: 001 | F86: 9 | G86: =[1]DISTRITOS!A86 -> 85 | H86: 0511 | J86: SANTA TECLA | K86: SUR | L86: LA LIBERTAD | R86: 1 | T86: - | V86: =CONCATENATE(J86,T86,H86,T86,K86) -> SANTA TECLA-0511-SUR | W86: =CONCATENATE(H86,T86,B86,C86,D86,T86,E86,T86,F86) -> 0511-010611-001-9 | X86: =CONCATENATE(J86,U86,K86) -> SANTA TECLA SUR | Y86: =CONCATENATE(W86,U86,X86) -> 0511-010611-001-9 SANTA TECLA SUR | Z86: =CONCATENATE(H86,U86,J86,T86,K86) -> 0511 SANTA TECLA-SUR | AA86: 187.25 | AB86: 135908 | AC86: 725.81
B87: 01 | C87: 06 | D87: 11 | E87: 001 | F87: 9 | G87: =[1]DISTRITOS!A87 -> 86 | H87: 0512 | J87: QUEZALTEPEQUE | K87: NORTE | L87: LA LIBERTAD | P87: 1 | T87: - | V87: =CONCATENATE(J87,T87,H87,T87,K87) -> QUEZALTEPEQUE-0512-NORTE | W87: =CONCATENATE(H87,T87,B87,C87,D87,T87,E87,T87,F87) -> 0512-010611-001-9 | X87: =CONCATENATE(J87,U87,K87) -> QUEZALTEPEQUE NORTE | Y87: =CONCATENATE(W87,U87,X87) -> 0512-010611-001-9 QUEZALTEPEQUE NORTE | Z87: =CONCATENATE(H87,U87,J87,T87,K87) -> 0512 QUEZALTEPEQUE-NORTE | AA87: 307.39 | AB87: 94800 | AC87: 308.4
B88: 05 | C88: 10 | D88: 79 | E88: 001 | F88: 0 | G88: =[1]DISTRITOS!A88 -> 87 | H88: 0513 | J88: SACACOYO | K88: OESTE | L88: LA LIBERTAD | Q88: 1 | T88: - | V88: =CONCATENATE(J88,T88,H88,T88,K88) -> SACACOYO-0513-OESTE | W88: =CONCATENATE(H88,T88,B88,C88,D88,T88,E88,T88,F88) -> 0513-051079-001-0 | X88: =CONCATENATE(J88,U88,K88) -> SACACOYO OESTE | Y88: =CONCATENATE(W88,U88,X88) -> 0513-051079-001-0 SACACOYO OESTE | Z88: =CONCATENATE(H88,U88,J88,T88,K88) -> 0513 SACACOYO-OESTE
B89: 05 | C89: 10 | D89: 79 | E89: 001 | F89: 0 | G89: =[1]DISTRITOS!A89 -> 88 | H89: 0514 | J89: SAN JOSE VILLANUEVA | K89: ESTE | L89: LA LIBERTAD | O89: 1 | T89: - | V89: =CONCATENATE(J89,T89,H89,T89,K89) -> SAN JOSE VILLANUEVA-0514-ESTE | W89: =CONCATENATE(H89,T89,B89,C89,D89,T89,E89,T89,F89) -> 0514-051079-001-0 | X89: =CONCATENATE(J89,U89,K89) -> SAN JOSE VILLANUEVA ESTE | Y89: =CONCATENATE(W89,U89,X89) -> 0514-051079-001-0 SAN JOSE VILLANUEVA ESTE | Z89: =CONCATENATE(H89,U89,J89,T89,K89) -> 0514 SAN JOSE VILLANUEVA-ESTE
A90: 1C | B90: 01 | C90: 06 | D90: 11 | E90: 001 | F90: 9 | G90: =[1]DISTRITOS!A90 -> 89 | H90: 0515 | J90: SAN JUAN OPICO | K90: CENTRO | L90: LA LIBERTAD | M90: 1 | T90: - | V90: =CONCATENATE(J90,T90,H90,T90,K90) -> SAN JUAN OPICO-0515-CENTRO | W90: =CONCATENATE(H90,T90,B90,C90,D90,T90,E90,T90,F90) -> 0515-010611-001-9 | X90: =CONCATENATE(J90,U90,K90) -> SAN JUAN OPICO CENTRO | Y90: =CONCATENATE(W90,U90,X90) -> 0515-010611-001-9 SAN JUAN OPICO CENTRO | Z90: =CONCATENATE(H90,U90,J90,T90,K90) -> 0515 SAN JUAN OPICO-CENTRO | AA90: 305.7 | AB90: 141280 | AC90: 462.15
B91: 05 | C91: 10 | D91: 79 | E91: 001 | F91: 0 | G91: =[1]DISTRITOS!A91 -> 90 | H91: 0516 | J91: SAN MATIAS | K91: NORTE | L91: LA LIBERTAD | P91: 1 | T91: - | V91: =CONCATENATE(J91,T91,H91,T91,K91) -> SAN MATIAS-0516-NORTE | W91: =CONCATENATE(H91,T91,B91,C91,D91,T91,E91,T91,F91) -> 0516-051079-001-0 | X91: =CONCATENATE(J91,U91,K91) -> SAN MATIAS NORTE | Y91: =CONCATENATE(W91,U91,X91) -> 0516-051079-001-0 SAN MATIAS NORTE | Z91: =CONCATENATE(H91,U91,J91,T91,K91) -> 0516 SAN MATIAS-NORTE
B92: 05 | C92: 10 | D92: 79 | E92: 001 | F92: 0 | G92: =[1]DISTRITOS!A92 -> 91 | H92: 0517 | J92: SAN PABLO TACACHICO | K92: NORTE | L92: LA LIBERTAD | P92: 1 | T92: - | V92: =CONCATENATE(J92,T92,H92,T92,K92) -> SAN PABLO TACACHICO-0517-NORTE | W92: =CONCATENATE(H92,T92,B92,C92,D92,T92,E92,T92,F92) -> 0517-051079-001-0 | X92: =CONCATENATE(J92,U92,K92) -> SAN PABLO TACACHICO NORTE | Y92: =CONCATENATE(W92,U92,X92) -> 0517-051079-001-0 SAN PABLO TACACHICO NORTE | Z92: =CONCATENATE(H92,U92,J92,T92,K92) -> 0517 SAN PABLO TACACHICO-NORTE
B93: 05 | C93: 10 | D93: 79 | E93: 001 | F93: 0 | G93: =[1]DISTRITOS!A93 -> 92 | H93: 0518 | J93: TAMANIQUE | K93: COSTA | L93: LA LIBERTAD | N93: 1 | T93: - | V93: =CONCATENATE(J93,T93,H93,T93,K93) -> TAMANIQUE-0518-COSTA | W93: =CONCATENATE(H93,T93,B93,C93,D93,T93,E93,T93,F93) -> 0518-051079-001-0 | X93: =CONCATENATE(J93,U93,K93) -> TAMANIQUE COSTA | Y93: =CONCATENATE(W93,U93,X93) -> 0518-051079-001-0 TAMANIQUE COSTA | Z93: =CONCATENATE(H93,U93,J93,T93,K93) -> 0518 TAMANIQUE-COSTA
B94: 05 | C94: 10 | D94: 79 | E94: 001 | F94: 0 | G94: =[1]DISTRITOS!A94 -> 93 | H94: 0519 | J94: TALNIQUE | K94: OESTE | L94: LA LIBERTAD | Q94: 1 | T94: - | V94: =CONCATENATE(J94,T94,H94,T94,K94) -> TALNIQUE-0519-OESTE | W94: =CONCATENATE(H94,T94,B94,C94,D94,T94,E94,T94,F94) -> 0519-051079-001-0 | X94: =CONCATENATE(J94,U94,K94) -> TALNIQUE OESTE | Y94: =CONCATENATE(W94,U94,X94) -> 0519-051079-001-0 TALNIQUE OESTE | Z94: =CONCATENATE(H94,U94,J94,T94,K94) -> 0519 TALNIQUE-OESTE
B95: 05 | C95: 10 | D95: 79 | E95: 001 | F95: 0 | G95: =[1]DISTRITOS!A95 -> 94 | H95: 0520 | J95: TEOTEPEQUE | K95: COSTA | L95: LA LIBERTAD | N95: 1 | T95: - | V95: =CONCATENATE(J95,T95,H95,T95,K95) -> TEOTEPEQUE-0520-COSTA | W95: =CONCATENATE(H95,T95,B95,C95,D95,T95,E95,T95,F95) -> 0520-051079-001-0 | X95: =CONCATENATE(J95,U95,K95) -> TEOTEPEQUE COSTA | Y95: =CONCATENATE(W95,U95,X95) -> 0520-051079-001-0 TEOTEPEQUE COSTA | Z95: =CONCATENATE(H95,U95,J95,T95,K95) -> 0520 TEOTEPEQUE-COSTA
B96: 05 | C96: 10 | D96: 79 | E96: 001 | F96: 0 | G96: =[1]DISTRITOS!A96 -> 95 | H96: 0521 | J96: TEPECOYO | K96: OESTE | L96: LA LIBERTAD | Q96: 1 | T96: - | V96: =CONCATENATE(J96,T96,H96,T96,K96) -> TEPECOYO-0521-OESTE | W96: =CONCATENATE(H96,T96,B96,C96,D96,T96,E96,T96,F96) -> 0521-051079-001-0 | X96: =CONCATENATE(J96,U96,K96) -> TEPECOYO OESTE | Y96: =CONCATENATE(W96,U96,X96) -> 0521-051079-001-0 TEPECOYO OESTE | Z96: =CONCATENATE(H96,U96,J96,T96,K96) -> 0521 TEPECOYO-OESTE
B97: 05 | C97: 10 | D97: 79 | E97: 001 | F97: 0 | G97: =[1]DISTRITOS!A97 -> 96 | H97: 0522 | J97: ZARAGOZA | K97: ESTE | L97: LA LIBERTAD | O97: 1 | T97: - | V97: =CONCATENATE(J97,T97,H97,T97,K97) -> ZARAGOZA-0522-ESTE | W97: =CONCATENATE(H97,T97,B97,C97,D97,T97,E97,T97,F97) -> 0522-051079-001-0 | X97: =CONCATENATE(J97,U97,K97) -> ZARAGOZA ESTE | Y97: =CONCATENATE(W97,U97,X97) -> 0522-051079-001-0 ZARAGOZA ESTE | Z97: =CONCATENATE(H97,U97,J97,T97,K97) -> 0522 ZARAGOZA-ESTE
A98: N1 | B98: 06 | C98: 10 | D98: 79 | E98: 001 | F98: 9 | G98: =[1]DISTRITOS!A98 -> 97 | H98: 0601 | J98: AGUILARES | K98: NORTE | L98: SAN SALVADOR | P98: 1 | T98: - | V98: =CONCATENATE(J98,T98,H98,T98,K98) -> AGUILARES-0601-NORTE | W98: =CONCATENATE(H98,T98,B98,C98,D98,T98,E98,T98,F98) -> 0601-061079-001-9 | X98: =CONCATENATE(J98,U98,K98) -> AGUILARES NORTE | Y98: =CONCATENATE(W98,U98,X98) -> 0601-061079-001-9 AGUILARES NORTE | Z98: =CONCATENATE(H98,U98,J98,T98,K98) -> 0601 AGUILARES-NORTE | AA98: 222.86 | AB98: 58724 | AC98: 263.5
A99: O1 | B99: 30 | C99: 06 | D99: 78 | E99: 001 | F99: 3 | G99: =[1]DISTRITOS!A99 -> 98 | H99: 0602 | J99: APOPA | K99: OESTE | L99: SAN SALVADOR | Q99: 1 | T99: - | V99: =CONCATENATE(J99,T99,H99,T99,K99) -> APOPA-0602-OESTE | W99: =CONCATENATE(H99,T99,B99,C99,D99,T99,E99,T99,F99) -> 0602-300678-001-3 | X99: =CONCATENATE(J99,U99,K99) -> APOPA OESTE | Y99: =CONCATENATE(W99,U99,X99) -> 0602-300678-001-3 APOPA OESTE | Z99: =CONCATENATE(H99,U99,J99,T99,K99) -> 0602 APOPA-OESTE | AA99: 135.2 | AB99: 227986 | AC99: 1686.29
B100: 01 | C100: 06 | D100: 11 | E100: 005 | F100: 8 | G100: =[1]DISTRITOS!A100 -> 99 | H100: 0603 | J100: AYUTUXTEPEQUE | K100: CENTRO | L100: SAN SALVADOR | M100: 1 | T100: - | V100: =CONCATENATE(J100,T100,H100,T100,K100) -> AYUTUXTEPEQUE-0603-CENTRO | W100: =CONCATENATE(H100,T100,B100,C100,D100,T100,E100,T100,F100) -> 0603-010611-005-8 | X100: =CONCATENATE(J100,U100,K100) -> AYUTUXTEPEQUE CENTRO | Y100: =CONCATENATE(W100,U100,X100) -> 0603-010611-005-8 AYUTUXTEPEQUE CENTRO | Z100: =CONCATENATE(H100,U100,J100,T100,K100) -> 0603 AYUTUXTEPEQUE-CENTRO
...

Sheet 14 LU
A1: CODIZONAL | B1: DIA | C1: MES | D1: AÑO | E1: SERIE | F1: CODIGO | G1: NUMERO | H1: CORRELATIVO | I1: # DE DEPARTAMENTO | K1: NOMBRE DE DISTRITO | L1: ZONA | M1: NOMBRE DEPARTAMENTO | N1: CENTRO | O1: COSTA | P1: ESTE | Q1: NORTE | R1: OESTE | S1: SUR | T1: NO DETERMINADO | W1: DISTCODIGOZONA | X1: NITDIST | Y1: NOMBRE DISTRITO ZONA | Z1: NIT DISTRITO NOMBRE ZONA | AA1: CODIGO NOMBRE ZONA | AB1: AREA (KM2) | AC1: POBLACION | AD1: DENSIDAD (HAB./KM2)
A2: ='N TRIBUTARIO'!A246 -> N1 | B2: ='N TRIBUTARIO'!B246 -> 14 | C2: ='N TRIBUTARIO'!C246 -> 10 | D2: ='N TRIBUTARIO'!D246 -> 79 | E2: ='N TRIBUTARIO'!E246 -> 001 | F2: ='N TRIBUTARIO'!F246 -> 0 | G2: ='N TRIBUTARIO'!G246 -> 245 | H2: ='N TRIBUTARIO'!H246 -> 1401 | I2: ='N TRIBUTARIO'!I246 -> 0 | J2: , | K2: ='N TRIBUTARIO'!J246 -> ANAMOROS | L2: ='N TRIBUTARIO'!K246 -> NORTE | M2: ='N TRIBUTARIO'!L246 -> LA UNION | N2: ='N TRIBUTARIO'!M246 -> 0 | O2: ='N TRIBUTARIO'!N246 -> 0 | P2: ='N TRIBUTARIO'!O246 -> 0 | Q2: ='N TRIBUTARIO'!P246 -> 1 | R2: ='N TRIBUTARIO'!Q246 -> 0 | ... AD2: ='N TRIBUTARIO'!AC246 -> 99.77
A3: ='N TRIBUTARIO'!A247 -> 0 | B3: ='N TRIBUTARIO'!B247 -> 14 | C3: ='N TRIBUTARIO'!C247 -> 10 | D3: ='N TRIBUTARIO'!D247 -> 79 | E3: ='N TRIBUTARIO'!E247 -> 001 | F3: ='N TRIBUTARIO'!F247 -> 0 | G3: ='N TRIBUTARIO'!G247 -> 246 | H3: ='N TRIBUTARIO'!H247 -> 1402 | I3: ='N TRIBUTARIO'!I247 -> 0 | J3: , | K3: ='N TRIBUTARIO'!J247 -> BOLIVAR | L3: ='N TRIBUTARIO'!K247 -> NORTE | M3: ='N TRIBUTARIO'!L247 -> LA UNION | N3: ='N TRIBUTARIO'!M247 -> 0 | O3: ='N TRIBUTARIO'!N247 -> 0 | P3: ='N TRIBUTARIO'!O247 -> 0 | Q3: ='N TRIBUTARIO'!P247 -> 1 | R3: ='N TRIBUTARIO'!Q247 -> 0 | ... AD3: ='N TRIBUTARIO'!AC247 -> 0
A4: ='N TRIBUTARIO'!A248 -> 0 | B4: ='N TRIBUTARIO'!B248 -> 14 | C4: ='N TRIBUTARIO'!C248 -> 10 | D4: ='N TRIBUTARIO'!D248 -> 79 | E4: ='N TRIBUTARIO'!E248 -> 001 | F4: ='N TRIBUTARIO'!F248 -> 0 | G4: ='N TRIBUTARIO'!G248 -> 247 | H4: ='N TRIBUTARIO'!H248 -> 1403 | I4: ='N TRIBUTARIO'!I248 -> 0 | J4: , | K4: ='N TRIBUTARIO'!J248 -> CONCEPCION DE ORIENTE | L4: ='N TRIBUTARIO'!K248 -> NORTE | M4: ='N TRIBUTARIO'!L248 -> LA UNION | N4: ='N TRIBUTARIO'!M248 -> 0 | O4: ='N TRIBUTARIO'!N248 -> 0 | P4: ='N TRIBUTARIO'!O248 -> 0 | Q4: ='N TRIBUTARIO'!P248 -> 1 | R4: ='N TRIBUTARIO'!Q248 -> 0 | ... AD4: ='N TRIBUTARIO'!AC248 -> 0
A5: ='N TRIBUTARIO'!A249 -> S1 | B5: ='N TRIBUTARIO'!B249 -> 14 | C5: ='N TRIBUTARIO'!C249 -> 10 | D5: ='N TRIBUTARIO'!D249 -> 79 | E5: ='N TRIBUTARIO'!E249 -> 001 | F5: ='N TRIBUTARIO'!F249 -> 0 | G5: ='N TRIBUTARIO'!G249 -> 248 | H5: ='N TRIBUTARIO'!H249 -> 1404 | I5: ='N TRIBUTARIO'!I249 -> 0 | J5: , | K5: ='N TRIBUTARIO'!J249 -> CONCHAGUA | L5: ='N TRIBUTARIO'!K249 -> SUR | M5: ='N TRIBUTARIO'!L249 -> LA UNION | N5: ='N TRIBUTARIO'!M249 -> 0 | O5: ='N TRIBUTARIO'!N249 -> 0 | P5: ='N TRIBUTARIO'!O249 -> 0 | Q5: ='N TRIBUTARIO'!P249 -> 0 | R5: ='N TRIBUTARIO'!Q249 -> 0 | ... AD5: ='N TRIBUTARIO'!AC249 -> 136.02
A6: ='N TRIBUTARIO'!A250 -> 0 | B6: ='N TRIBUTARIO'!B250 -> 14 | C6: ='N TRIBUTARIO'!C250 -> 10 | D6: ='N TRIBUTARIO'!D250 -> 79 | E6: ='N TRIBUTARIO'!E250 -> 001 | F6: ='N TRIBUTARIO'!F250 -> 0 | G6: ='N TRIBUTARIO'!G250 -> 249 | H6: ='N TRIBUTARIO'!H250 -> 1405 | I6: ='N TRIBUTARIO'!I250 -> 0 | J6: , | K6: ='N TRIBUTARIO'!J250 -> EL CARMEN | L6: ='N TRIBUTARIO'!K250 -> SUR | M6: ='N TRIBUTARIO'!L250 -> LA UNION | N6: ='N TRIBUTARIO'!M250 -> 0 | O6: ='N TRIBUTARIO'!N250 -> 0 | P6: ='N TRIBUTARIO'!O250 -> 0 | Q6: ='N TRIBUTARIO'!P250 -> 0 | R6: ='N TRIBUTARIO'!Q250 -> 0 | ... AD6: ='N TRIBUTARIO'!AC250 -> 0
A7: ='N TRIBUTARIO'!A251 -> 0 | B7: ='N TRIBUTARIO'!B251 -> 14 | C7: ='N TRIBUTARIO'!C251 -> 10 | D7: ='N TRIBUTARIO'!D251 -> 79 | E7: ='N TRIBUTARIO'!E251 -> 001 | F7: ='N TRIBUTARIO'!F251 -> 0 | G7: ='N TRIBUTARIO'!G251 -> 250 | H7: ='N TRIBUTARIO'!H251 -> 1406 | I7: ='N TRIBUTARIO'!I251 -> 0 | J7: , | K7: ='N TRIBUTARIO'!J251 -> EL SAUCE | L7: ='N TRIBUTARIO'!K251 -> NORTE | M7: ='N TRIBUTARIO'!L251 -> LA UNION | N7: ='N TRIBUTARIO'!M251 -> 0 | O7: ='N TRIBUTARIO'!N251 -> 0 | P7: ='N TRIBUTARIO'!O251 -> 0 | Q7: ='N TRIBUTARIO'!P251 -> 1 | R7: ='N TRIBUTARIO'!Q251 -> 0 | ... AD7: ='N TRIBUTARIO'!AC251 -> 0
A8: ='N TRIBUTARIO'!A252 -> 0 | B8: ='N TRIBUTARIO'!B252 -> 14 | C8: ='N TRIBUTARIO'!C252 -> 10 | D8: ='N TRIBUTARIO'!D252 -> 79 | E8: ='N TRIBUTARIO'!E252 -> 001 | F8: ='N TRIBUTARIO'!F252 -> 0 | G8: ='N TRIBUTARIO'!G252 -> 251 | H8: ='N TRIBUTARIO'!H252 -> 1407 | I8: ='N TRIBUTARIO'!I252 -> 0 | J8: , | K8: ='N TRIBUTARIO'!J252 -> INTIPUCA | L8: ='N TRIBUTARIO'!K252 -> SUR | M8: ='N TRIBUTARIO'!L252 -> LA UNION | N8: ='N TRIBUTARIO'!M252 -> 0 | O8: ='N TRIBUTARIO'!N252 -> 0 | P8: ='N TRIBUTARIO'!O252 -> 0 | Q8: ='N TRIBUTARIO'!P252 -> 0 | R8: ='N TRIBUTARIO'!Q252 -> 0 | ... AD8: ='N TRIBUTARIO'!AC252 -> 0
A9: ='N TRIBUTARIO'!A253 -> 0 | B9: ='N TRIBUTARIO'!B253 -> 01 | C9: ='N TRIBUTARIO'!C253 -> 06 | D9: ='N TRIBUTARIO'!D253 -> 11 | E9: ='N TRIBUTARIO'!E253 -> 001 | F9: ='N TRIBUTARIO'!F253 -> 9 | G9: ='N TRIBUTARIO'!G253 -> 252 | H9: ='N TRIBUTARIO'!H253 -> 1408 | I9: ='N TRIBUTARIO'!I253 -> 14 | J9: , | K9: ='N TRIBUTARIO'!J253 -> LA UNION | L9: ='N TRIBUTARIO'!K253 -> SUR | M9: ='N TRIBUTARIO'!L253 -> LA UNION | N9: ='N TRIBUTARIO'!M253 -> 0 | O9: ='N TRIBUTARIO'!N253 -> 0 | P9: ='N TRIBUTARIO'!O253 -> 0 | Q9: ='N TRIBUTARIO'!P253 -> 0 | R9: ='N TRIBUTARIO'!Q253 -> 0 | ... AD9: ='N TRIBUTARIO'!AC253 -> 0
A10: ='N TRIBUTARIO'!A254 -> 0 | B10: ='N TRIBUTARIO'!B254 -> 14 | C10: ='N TRIBUTARIO'!C254 -> 10 | D10: ='N TRIBUTARIO'!D254 -> 79 | E10: ='N TRIBUTARIO'!E254 -> 001 | F10: ='N TRIBUTARIO'!F254 -> 0 | G10: ='N TRIBUTARIO'!G254 -> 253 | H10: ='N TRIBUTARIO'!H254 -> 1409 | I10: ='N TRIBUTARIO'!I254 -> 0 | J10: , | K10: ='N TRIBUTARIO'!J254 -> LISLIQUE | L10: ='N TRIBUTARIO'!K254 -> NORTE | M10: ='N TRIBUTARIO'!L254 -> LA UNION | N10: ='N TRIBUTARIO'!M254 -> 0 | O10: ='N TRIBUTARIO'!N254 -> 0 | P10: ='N TRIBUTARIO'!O254 -> 0 | Q10: ='N TRIBUTARIO'!P254 -> 1 | R10: ='N TRIBUTARIO'!Q254 -> 0 | ... AD10: ='N TRIBUTARIO'!AC254 -> 0
A11: ='N TRIBUTARIO'!A255 -> 0 | B11: ='N TRIBUTARIO'!B255 -> 17 | C11: ='N TRIBUTARIO'!C255 -> 06 | D11: ='N TRIBUTARIO'!D255 -> 16 | E11: ='N TRIBUTARIO'!E255 -> 001 | F11: ='N TRIBUTARIO'!F255 -> 9 | G11: ='N TRIBUTARIO'!G255 -> 254 | H11: ='N TRIBUTARIO'!H255 -> 1410 | I11: ='N TRIBUTARIO'!I255 -> 0 | J11: , | K11: ='N TRIBUTARIO'!J255 -> MEANGUERA DEL GOLFO | L11: ='N TRIBUTARIO'!K255 -> SUR | M11: ='N TRIBUTARIO'!L255 -> LA UNION | N11: ='N TRIBUTARIO'!M255 -> 0 | O11: ='N TRIBUTARIO'!N255 -> 0 | P11: ='N TRIBUTARIO'!O255 -> 0 | Q11: ='N TRIBUTARIO'!P255 -> 0 | R11: ='N TRIBUTARIO'!Q255 -> 0 | ... AD11: ='N TRIBUTARIO'!AC255 -> 0
A12: ='N TRIBUTARIO'!A256 -> 0 | B12: ='N TRIBUTARIO'!B256 -> 14 | C12: ='N TRIBUTARIO'!C256 -> 10 | D12: ='N TRIBUTARIO'!D256 -> 79 | E12: ='N TRIBUTARIO'!E256 -> 001 | F12: ='N TRIBUTARIO'!F256 -> 1 | G12: ='N TRIBUTARIO'!G256 -> 255 | H12: ='N TRIBUTARIO'!H256 -> 1411 | I12: ='N TRIBUTARIO'!I256 -> 0 | J12: , | K12: ='N TRIBUTARIO'!J256 -> NUEVA ESPARTA | L12: ='N TRIBUTARIO'!K256 -> NORTE | M12: ='N TRIBUTARIO'!L256 -> LA UNION | N12: ='N TRIBUTARIO'!M256 -> 0 | O12: ='N TRIBUTARIO'!N256 -> 0 | P12: ='N TRIBUTARIO'!O256 -> 0 | Q12: ='N TRIBUTARIO'!P256 -> 1 | R12: ='N TRIBUTARIO'!Q256 -> 0 | ... AD12: ='N TRIBUTARIO'!AC256 -> 0
A13: ='N TRIBUTARIO'!A257 -> 0 | B13: ='N TRIBUTARIO'!B257 -> 14 | C13: ='N TRIBUTARIO'!C257 -> 10 | D13: ='N TRIBUTARIO'!D257 -> 79 | E13: ='N TRIBUTARIO'!E257 -> 001 | F13: ='N TRIBUTARIO'!F257 -> 1 | G13: ='N TRIBUTARIO'!G257 -> 256 | H13: ='N TRIBUTARIO'!H257 -> 1412 | I13: ='N TRIBUTARIO'!I257 -> 0 | J13: , | K13: ='N TRIBUTARIO'!J257 -> PASAQUINA | L13: ='N TRIBUTARIO'!K257 -> NORTE | M13: ='N TRIBUTARIO'!L257 -> LA UNION | N13: ='N TRIBUTARIO'!M257 -> 0 | O13: ='N TRIBUTARIO'!N257 -> 0 | P13: ='N TRIBUTARIO'!O257 -> 0 | Q13: ='N TRIBUTARIO'!P257 -> 1 | R13: ='N TRIBUTARIO'!Q257 -> 0 | ... AD13: ='N TRIBUTARIO'!AC257 -> 0
... A19: ='N TRIBUTARIO'!A263 -> 0 | B19: ='N TRIBUTARIO'!B263 -> 14 | C19: ='N TRIBUTARIO'!C263 -> 10 | D19: ='N TRIBUTARIO'!D263 -> 79 | E19: ='N TRIBUTARIO'!E263 -> 001 | F19: ='N TRIBUTARIO'!F263 -> 1 | G19: ='N TRIBUTARIO'!G263 -> 262 | H19: ='N TRIBUTARIO'!H263 -> 1418 | I19: ='N TRIBUTARIO'!I263 -> 0 | J19: , | K19: ='N TRIBUTARIO'!J263 -> YUCUAIQUIN | L19: ='N TRIBUTARIO'!K263 -> SUR | M19: ='N TRIBUTARIO'!L263 -> LA UNION | N19: ='N TRIBUTARIO'!M263 -> 0 | O19: ='N TRIBUTARIO'!N263 -> 0 | P19: ='N TRIBUTARIO'!O263 -> 0 | Q19: ='N TRIBUTARIO'!P263 -> 0 | R19: ='N TRIBUTARIO'!Q263 -> 0 | ... AD19: ='N TRIBUTARIO'!AC263 -> 0
N20: =SUM(N2:N19) -> 0 | O20: =SUM(O2:O19) -> 0 | P20: =SUM(P2:P19) -> 0 | Q20: =SUM(Q2:Q19) -> 10 | R20: =SUM(R2:R19) -> 0 | S20: =SUM(S2:S19) -> 8 | T20: =SUM(T2:T19) -> 0
J21: =Q1 -> NORTE | K21: =CONCATENATE(K2,J2,K3,J3,K4,J4,K7,J7,K10,J10,K12,J12,K13,J13,K14,J14,K16,J16,K17) -> ANAMOROS, BOLIVAR, CONCEPCION DE ORIENTE, EL SAUCE, LISLIQUE, NUEVA ESPARTA, PASAQUINA, POLOROS, SAN JOSE, SANTA ROSA DE LIMA
J22: =S1 -> SUR | K22: =CONCATENATE(K5,J5,K6,J6,K8,J8,K9,J9,K11,J11,K15,J15,K18,J18,K19) -> CONCHAGUA, EL CARMEN, INTIPUCA, LA UNION, MEANGUERA DEL GOLFO, SAN ALEJO, YAYANTIQUE, YUCUAIQUIN

Sheet DEPT
B2: No. | C2: ='N TRIBUTARIO'!M1 -> CENTRO | D2: ='N TRIBUTARIO'!N1 -> COSTA | E2: ='N TRIBUTARIO'!O1 -> ESTE | F2: ='N TRIBUTARIO'!P1 -> NORTE | G2: ='N TRIBUTARIO'!Q1 -> OESTE | H2: ='N TRIBUTARIO'!R1 -> SUR | I2: TOTAL | K2: Area (km²) | L2: Poblacion | M2: Densidad (Hab/Km²) | N2: Distritos internos
B3: 1 | C3: ='1 ahu'!N14 -> 4 | D3: ='1 ahu'!O14 -> 0 | E3: ='1 ahu'!P14 -> 0 | F3: ='1 ahu'!Q14 -> 4 | G3: ='1 ahu'!R14 -> 0 | H3: ='1 ahu'!S14 -> 4 | I3: =SUM(C3:H3) -> 12 | J3: AHUACHAPÁN
B4: 2 | C4: ='2 sa'!N15 -> 1 | D4: ='2 sa'!O15 -> 0 | E4: ='2 sa'!P15 -> 2 | F4: ='2 sa'!Q15 -> 4 | G4: ='2 sa'!R15 -> 6 | H4: ='2 sa'!S15 -> 0 | I4: =SUM(C4:H4) -> 13 | J4: SANTA ANA
B5: 3 | C5: ='3 son '!N18 -> 5 | D5: ='3 son '!O18 -> 0 | E5: ='3 son '!P18 -> 6 | F5: ='3 son '!Q18 -> 4 | G5: ='3 son '!R18 -> 1 | H5: ='3 son '!S18 -> 0 | I5: =SUM(C5:H5) -> 16 | J5: SONSONATE
B6: 4 | C6: ='4 cha'!N35 -> 10 | D6: ='4 cha'!O35 -> 0 | E6: ='4 cha'!P35 -> 0 | F6: ='4 cha'!Q35 -> 3 | G6: ='4 cha'!R35 -> 0 | H6: ='4 cha'!S35 -> 20 | I6: =SUM(C6:H6) -> 33 | J6: CHALATENANGO
B7: 5 | C7: ='5 LL'!N24 -> 2 | D7: ='5 LL'!O24 -> 4 | E7: ='5 LL'!P24 -> 5 | F7: ='5 LL'!Q24 -> 4 | G7: ='5 LL'!R24 -> 5 | H7: ='5 LL'!S24 -> 2 | I7: =SUM(C7:H7) -> 22 | J7: LA LIBERTAD
B8: 6 | C8: ='6 ss'!N21 -> 5 | D8: ='6 ss'!O21 -> 0 | E8: ='6 ss'!P21 -> 4 | F8: ='6 ss'!Q21 -> 3 | G8: ='6 ss'!R21 -> 2 | H8: ='6 ss'!S21 -> 5 | I8: =SUM(C8:H8) -> 19 | J8: SAN SALVADOR
B9: 7 | C9: ='7 cus'!N18 -> 0 | D9: ='7 cus'!O18 -> 0 | E9: ='7 cus'!P18 -> 0 | F9: ='7 cus'!Q18 -> 6 | G9: ='7 cus'!R18 -> 0 | H9: ='7 cus'!S18 -> 10 | I9: =SUM(C9:H9) -> 16 | J9: CUSCATLÁN
B10: 8 | C10: ='8 lp'!N24 -> 12 | D10: ='8 lp'!O24 -> 0 | E10: ='8 lp'!P24 -> 3 | F10: ='8 lp'!Q24 -> 0 | G10: ='8 lp'!R24 -> 7 | H10: ='8 lp'!S24 -> 0 | I10: =SUM(C10:H10) -> 22 | J10: LA PAZ
B11: 9 | C11: ='9 cab'!N11 -> 0 | D11: ='9 cab'!O11 -> 0 | E11: ='9 cab'!P11 -> 5 | F11: ='9 cab'!Q11 -> 0 | G11: ='9 cab'!R11 -> 4 | H11: ='9 cab'!S11 -> 0 | I11: =SUM(C11:H11) -> 9 | J11: CABAÑAS
B12: 10 | C12: ='10 sv'!N15 -> 0 | D12: ='10 sv'!O15 -> 0 | E12: ='10 sv'!P15 -> 0 | F12: ='10 sv'!Q15 -> 7 | G12: ='10 sv'!R15 -> 0 | H12: ='10 sv'!S15 -> 6 | I12: =SUM(C12:H12) -> 13 | J12: SAN VICENTE
B13: 11 | C13: ='11 usu'!N25 -> 0 | D13: ='11 usu'!O25 -> 0 | E13: ='11 usu'!P25 -> 10 | F13: ='11 usu'!Q25 -> 9 | G13: ='11 usu'!R25 -> 4 | H13: ='11 usu'!S25 -> 0 | I13: =SUM(C13:H13) -> 23 | J13: USULUTAN
B14: 12 | C14: ='12 sm'!N22 -> 6 | D14: ='12 sm'!O22 -> 0 | E14: ='12 sm'!P22 -> 0 | F14: ='12 sm'!Q22 -> 8 | G14: ='12 sm'!R22 -> 6 | H14: ='12 sm'!S22 -> 0 | I14: =SUM(C14:H14) -> 20 | J14: SAN MIGUEL
B15: 13 | C15: ='13 mor'!N28 -> 0 | D15: ='13 mor'!O28 -> 0 | E15: ='13 mor'!P28 -> 0 | F15: ='13 mor'!Q28 -> 11 | G15: ='13 mor'!R28 -> 0 | H15: ='13 mor'!S28 -> 15 | I15: =SUM(C15:H15) -> 26 | J15: MORAZÁN
B16: 14 | C16: ='14 LU'!N20 -> 0 | D16: ='14 LU'!O20 -> 0 | E16: ='14 LU'!P20 -> 0 | F16: ='14 LU'!Q20 -> 10 | G16: ='14 LU'!R20 -> 0 | H16: ='14 LU'!S20 -> 8 | I16: =SUM(C16:H16) -> 18 | J16: LA UNION
C17: =SUM(C3:C16) -> 45 | D17: =SUM(D3:D16) -> 4 | E17: =SUM(E3:E16) -> 35 | F17: =SUM(F3:F16) -> 73 | G17: =SUM(G3:G16) -> 35 | H17: =SUM(H3:H16) -> 70 | I17: =SUM(I3:I16) -> 262
C18: =SUM(C17:H17) -> 262

Sheet 1 ahu
A1: CODIZONAL | B1: DIA | C1: MES | D1: AÑO | E1: SERIE | F1: CODIGO | G1: NUMERO | H1: CORRELATIVO | I1: # DE DEPARTAMENTO | K1: NOMBRE DE DISTRITO | L1: ZONA | M1: NOMBRE DEPARTAMENTO | N1: CENTRO | O1: COSTA | P1: ESTE | Q1: NORTE | R1: OESTE | S1: SUR | T1: NO DETERMINADO | W1: DISTCODIGOZONA | X1: NITDIST | Y1: NOMBRE DISTRITO ZONA | Z1: NIT DISTRITO NOMBRE ZONA | AA1: CODIGO NOMBRE ZONA | AB1: AREA (KM2) | AC1: POBLACION | AD1: DENSIDAD (HAB./KM2)
A2: ='N TRIBUTARIO'!A2 -> 1C | B2: ='N TRIBUTARIO'!B2 -> 01 | C2: ='N TRIBUTARIO'!C2 -> 06 | D2: ='N TRIBUTARIO'!D2 -> 11 | E2: ='N TRIBUTARIO'!E2 -> 001 | F2: ='N TRIBUTARIO'!F2 -> 0 | G2: ='N TRIBUTARIO'!G2 -> 1 | H2: ='N TRIBUTARIO'!H2 -> 0101 | I2: ='N TRIBUTARIO'!I2 -> 1 | J2: , | K2: ='N TRIBUTARIO'!J2 -> AHUACHAPAN | L2: ='N TRIBUTARIO'!K2 -> CENTRO | M2: ='N TRIBUTARIO'!L2 -> AHUACHAPAN | N2: ='N TRIBUTARIO'!M2 -> 1 | O2: ='N TRIBUTARIO'!N2 -> 0 | P2: ='N TRIBUTARIO'!O2 -> 0 | Q2: ='N TRIBUTARIO'!P2 -> 0 | R2: ='N TRIBUTARIO'!Q2 -> 0 | ... AD2: ='N TRIBUTARIO'!AC2 -> 474.82
A3: ='N TRIBUTARIO'!A3 -> 0 | B3: ='N TRIBUTARIO'!B3 -> 01 | C3: ='N TRIBUTARIO'!C3 -> 10 | D3: ='N TRIBUTARIO'!D3 -> 79 | E3: ='N TRIBUTARIO'!E3 -> 001 | F3: ='N TRIBUTARIO'!F3 -> 9 | G3: ='N TRIBUTARIO'!G3 -> 2 | H3: ='N TRIBUTARIO'!H3 -> 0102 | I3: ='N TRIBUTARIO'!I3 -> 0 | J3: , | K3: ='N TRIBUTARIO'!J3 -> APANECA | L3: ='N TRIBUTARIO'!K3 -> CENTRO | M3: ='N TRIBUTARIO'!L3 -> AHUACHAPAN | N3: ='N TRIBUTARIO'!M3 -> 1 | O3: ='N TRIBUTARIO'!N3 -> 0 | P3: ='N TRIBUTARIO'!O3 -> 0 | Q3: ='N TRIBUTARIO'!P3 -> 0 | R3: ='N TRIBUTARIO'!Q3 -> 0 | ... AD3: ='N TRIBUTARIO'!AC3 -> 0
A4: ='N TRIBUTARIO'!A4 -> N1 | B4: ='N TRIBUTARIO'!B4 -> 01 | C4: ='N TRIBUTARIO'!C4 -> 10 | D4: ='N TRIBUTARIO'!D4 -> 79 | E4: ='N TRIBUTARIO'!E4 -> 001 | F4: ='N TRIBUTARIO'!F4 -> 9 | G4: ='N TRIBUTARIO'!G4 -> 3 | H4: ='N TRIBUTARIO'!H4 -> 0103 | I4: ='N TRIBUTARIO'!I4 -> 0 | J4: , | K4: ='N TRIBUTARIO'!J4 -> ATIQUIZAYA | L4: ='N TRIBUTARIO'!K4 -> NORTE | M4: ='N TRIBUTARIO'!L4 -> AHUACHAPAN | N4: ='N TRIBUTARIO'!M4 -> 0 | O4: ='N TRIBUTARIO'!N4 -> 0 | P4: ='N TRIBUTARIO'!O4 -> 0 | Q4: ='N TRIBUTARIO'!P4 -> 1 | R4: ='N TRIBUTARIO'!Q4 -> 0 | ... AD4: ='N TRIBUTARIO'!AC4 -> 420.18
A5: ='N TRIBUTARIO'!A5 -> 0 | B5: ='N TRIBUTARIO'!B5 -> 01 | C5: ='N TRIBUTARIO'!C5 -> 10 | D5: ='N TRIBUTARIO'!D5 -> 79 | E5: ='N TRIBUTARIO'!E5 -> 001 | F5: ='N TRIBUTARIO'!F5 -> 9 | G5: ='N TRIBUTARIO'!G5 -> 4 | H5: ='N TRIBUTARIO'!H5 -> 0104 | I5: ='N TRIBUTARIO'!I5 -> 0 | J5: , | K5: ='N TRIBUTARIO'!J5 -> CONCEPCION DE ATACO | L5: ='N TRIBUTARIO'!K5 -> CENTRO | M5: ='N TRIBUTARIO'!L5 -> AHUACHAPAN | N5: ='N TRIBUTARIO'!M5 -> 1 | O5: ='N TRIBUTARIO'!N5 -> 0 | P5: ='N TRIBUTARIO'!O5 -> 0 | Q5: ='N TRIBUTARIO'!P5 -> 0 | R5: ='N TRIBUTARIO'!Q5 -> 0 | ... AD5: ='N TRIBUTARIO'!AC5 -> 0
A6: ='N TRIBUTARIO'!A6 -> 0 | B6: ='N TRIBUTARIO'!B6 -> 01 | C6: ='N TRIBUTARIO'!C6 -> 10 | D6: ='N TRIBUTARIO'!D6 -> 79 | E6: ='N TRIBUTARIO'!E6 -> 001 | F6: ='N TRIBUTARIO'!F6 -> 9 | G6: ='N TRIBUTARIO'!G6 -> 5 | H6: ='N TRIBUTARIO'!H6 -> 0105 | I6: ='N TRIBUTARIO'!I6 -> 0 | J6: , | K6: ='N TRIBUTARIO'!J6 -> EL REFUGIO | L6: ='N TRIBUTARIO'!K6 -> NORTE | M6: ='N TRIBUTARIO'!L6 -> AHUACHAPAN | N6: ='N TRIBUTARIO'!M6 -> 0 | O6: ='N TRIBUTARIO'!N6 -> 0 | P6: ='N TRIBUTARIO'!O6 -> 0 | Q6: ='N TRIBUTARIO'!P6 -> 1 | R6: ='N TRIBUTARIO'!Q6 -> 0 | ... AD6: ='N TRIBUTARIO'!AC6 -> 0
A7: ='N TRIBUTARIO'!A7 -> S1 | B7: ='N TRIBUTARIO'!B7 -> 01 | C7: ='N TRIBUTARIO'!C7 -> 10 | D7: ='N TRIBUTARIO'!D7 -> 79 | E7: ='N TRIBUTARIO'!E7 -> 001 | F7: ='N TRIBUTARIO'!F7 -> 9 | G7: ='N TRIBUTARIO'!G7 -> 6 | H7: ='N TRIBUTARIO'!H7 -> 0106 | I7: ='N TRIBUTARIO'!I7 -> 0 | J7: , | K7: ='N TRIBUTARIO'!J7 -> GUAYMANGO | L7: ='N TRIBUTARIO'!K7 -> SUR | M7: ='N TRIBUTARIO'!L7 -> AHUACHAPAN | N7: ='N TRIBUTARIO'!M7 -> 0 | O7: ='N TRIBUTARIO'!N7 -> 0 | P7: ='N TRIBUTARIO'!O7 -> 0 | Q7: ='N TRIBUTARIO'!P7 -> 0 | R7: ='N TRIBUTARIO'!Q7 -> 0 | ... AD7: ='N TRIBUTARIO'!AC7 -> 173.24
A8: ='N TRIBUTARIO'!A8 -> 0 | B8: ='N TRIBUTARIO'!B8 -> 01 | C8: ='N TRIBUTARIO'!C8 -> 10 | D8: ='N TRIBUTARIO'!D8 -> 79 | E8: ='N TRIBUTARIO'!E8 -> 001 | F8: ='N TRIBUTARIO'!F8 -> 9 | G8: ='N TRIBUTARIO'!G8 -> 7 | H8: ='N TRIBUTARIO'!H8 -> 0107 | I8: ='N TRIBUTARIO'!I8 -> 0 | J8: , | K8: ='N TRIBUTARIO'!J8 -> JUJUTLA | L8: ='N TRIBUTARIO'!K8 -> SUR | M8: ='N TRIBUTARIO'!L8 -> AHUACHAPAN | N8: ='N TRIBUTARIO'!M8 -> 0 | O8: ='N TRIBUTARIO'!N8 -> 0 | P8: ='N TRIBUTARIO'!O8 -> 0 | Q8: ='N TRIBUTARIO'!P8 -> 0 | R8: ='N TRIBUTARIO'!Q8 -> 0 | ... AD8: ='N TRIBUTARIO'!AC8 -> 0
A9: ='N TRIBUTARIO'!A9 -> 0 | B9: ='N TRIBUTARIO'!B9 -> 01 | C9: ='N TRIBUTARIO'!C9 -> 10 | D9: ='N TRIBUTARIO'!D9 -> 79 | E9: ='N TRIBUTARIO'!E9 -> 001 | F9: ='N TRIBUTARIO'!F9 -> 2 | G9: ='N TRIBUTARIO'!G9 -> 8 | H9: ='N TRIBUTARIO'!H9 -> 0108 | I9: ='N TRIBUTARIO'!I9 -> 0 | J9: , | K9: ='N TRIBUTARIO'!J9 -> SAN FRANCISCO MENENDEZ | L9: ='N TRIBUTARIO'!K9 -> SUR | M9: ='N TRIBUTARIO'!L9 -> AHUACHAPAN | N9: ='N TRIBUTARIO'!M9 -> 0 | O9: ='N TRIBUTARIO'!N9 -> 0 | P9: ='N TRIBUTARIO'!O9 -> 0 | Q9: ='N TRIBUTARIO'!P9 -> 0 | R9: ='N TRIBUTARIO'!Q9 -> 0 | ... AD9: ='N TRIBUTARIO'!AC9 -> 0
A10: ='N TRIBUTARIO'!A10 -> 0 | B10: ='N TRIBUTARIO'!B10 -> 01 | C10: ='N TRIBUTARIO'!C10 -> 10 | D10: ='N TRIBUTARIO'!D10 -> 79 | E10: ='N TRIBUTARIO'!E10 -> 001 | F10: ='N TRIBUTARIO'!F10 -> 9 | G10: ='N TRIBUTARIO'!G10 -> 9 | H10: ='N TRIBUTARIO'!H10 -> 0109 | I10: ='N TRIBUTARIO'!I10 -> 0 | J10: , | K10: ='N TRIBUTARIO'!J10 -> SAN LORENZO | L10: ='N TRIBUTARIO'!K10 -> NORTE | M10: ='N TRIBUTARIO'!L10 -> AHUACHAPAN | N10: ='N TRIBUTARIO'!M10 -> 0 | O10: ='N TRIBUTARIO'!N10 -> 0 | P10: ='N TRIBUTARIO'!O10 -> 0 | Q10: ='N TRIBUTARIO'!P10 -> 1 | R10: ='N TRIBUTARIO'!Q10 -> 0 | ... AD10: ='N TRIBUTARIO'!AC10 -> 0
A11: ='N TRIBUTARIO'!A11 -> 0 | B11: ='N TRIBUTARIO'!B11 -> 01 | C11: ='N TRIBUTARIO'!C11 -> 10 | D11: ='N TRIBUTARIO'!D11 -> 79 | E11: ='N TRIBUTARIO'!E11 -> 001 | F11: ='N TRIBUTARIO'!F11 -> 0 | G11: ='N TRIBUTARIO'!G11 -> 10 | H11: ='N TRIBUTARIO'!H11 -> 0110 | I11: ='N TRIBUTARIO'!I11 -> 0 | J11: , | K11: ='N TRIBUTARIO'!J11 -> SAN PEDRO PUXTLA | L11: ='N TRIBUTARIO'!K11 -> SUR | M11: ='N TRIBUTARIO'!L11 -> AHUACHAPAN | N11: ='N TRIBUTARIO'!M11 -> 0 | O11: ='N TRIBUTARIO'!N11 -> 0 | P11: ='N TRIBUTARIO'!O11 -> 0 | Q11: ='N TRIBUTARIO'!P11 -> 0 | R11: ='N TRIBUTARIO'!Q11 -> 0 | ... AD11: ='N TRIBUTARIO'!AC11 -> 0
A12: ='N TRIBUTARIO'!A12 -> 0 | B12: ='N TRIBUTARIO'!B12 -> 01 | C12: ='N TRIBUTARIO'!C12 -> 10 | D12: ='N TRIBUTARIO'!D12 -> 79 | E12: ='N TRIBUTARIO'!E12 -> 001 | F12: ='N TRIBUTARIO'!F12 -> 0 | G12: ='N TRIBUTARIO'!G12 -> 11 | H12: ='N TRIBUTARIO'!H12 -> 0111 | I12: ='N TRIBUTARIO'!I12 -> 0 | J12: , | K12: ='N TRIBUTARIO'!J12 -> TACUBA | L12: ='N TRIBUTARIO'!K12 -> CENTRO | M12: ='N TRIBUTARIO'!L12 -> AHUACHAPAN | N12: ='N TRIBUTARIO'!M12 -> 1 | O12: ='N TRIBUTARIO'!N12 -> 0 | P12: ='N TRIBUTARIO'!O12 -> 0 | Q12: ='N TRIBUTARIO'!P12 -> 0 | R12: ='N TRIBUTARIO'!Q12 -> 0 | ... AD12: ='N TRIBUTARIO'!AC12 -> 0
A13: ='N TRIBUTARIO'!A13 -> 0 | B13: ='N TRIBUTARIO'!B13 -> 01 | C13: ='N TRIBUTARIO'!C13 -> 10 | D13: ='N TRIBUTARIO'!D13 -> 79 | E13: ='N TRIBUTARIO'!E13 -> 001 | F13: ='N TRIBUTARIO'!F13 -> 0 | G13: ='N TRIBUTARIO'!G13 -> 12 | H13: ='N TRIBUTARIO'!H13 -> 0112 | I13: ='N TRIBUTARIO'!I13 -> 0 | J13: , | K13: ='N TRIBUTARIO'!J13 -> TURIN | L13: ='N TRIBUTARIO'!K13 -> NORTE | M13: ='N TRIBUTARIO'!L13 -> AHUACHAPAN | N13: ='N TRIBUTARIO'!M13 -> 0 | O13: ='N TRIBUTARIO'!N13 -> 0 | P13: ='N TRIBUTARIO'!O13 -> 0 | Q13: ='N TRIBUTARIO'!P13 -> 1 | R13: ='N TRIBUTARIO'!Q13 -> 0 | ... AD13: ='N TRIBUTARIO'!AC13 -> 0
N14: =SUM(N2:N13) -> 4 | O14: =SUM(O2:O13) -> 0 | P14: =SUM(P2:P13) -> 0 | Q14: =SUM(Q2:Q13) -> 4 | R14: =SUM(R2:R13) -> 0 | S14: =SUM(S2:S13) -> 4 | T14: =SUM(T2:T13) -> 0
I16: =N1 -> CENTRO | K16: =CONCATENATE(K2,J2,K3,J3,K5,J5,K12) -> AHUACHAPAN, APANECA, CONCEPCION DE ATACO, TACUBA
I17: =Q1 -> NORTE | K17: =CONCATENATE(K4,J4,K6,J6,K10,J10,K13) -> ATIQUIZAYA, EL REFUGIO, SAN LORENZO, TURIN
I18: =S1 -> SUR | K18: =CONCATENATE(K7,J7,K8,J8,K9,J9,K11,J1) -> GUAYMANGO, JUJUTLA, SAN FRANCISCO MENENDEZ, SAN PEDRO PUXTLA

Sheet 2 sa
A1: CODIZONAL | B1: DIA | C1: MES | D1: AÑO | E1: SERIE | F1: CODIGO | G1: NUMERO | H1: CORRELATIVO | I1: # DE DEPARTAMENTO | K1: NOMBRE DE DISTRITO | L1: ZONA | M1: NOMBRE DEPARTAMENTO | N1: CENTRO | O1: COSTA | P1: ESTE | Q1: NORTE | R1: OESTE | S1: SUR | T1: NO DETERMINADO | W1: DISTCODIGOZONA | X1: NITDIST | Y1: NOMBRE DISTRITO ZONA | Z1: NIT DISTRITO NOMBRE ZONA | AA1: CODIGO NOMBRE ZONA | AB1: AREA (KM2) | AC1: POBLACION | AD1: DENSIDAD (HAB./KM2)
A2: ='N TRIBUTARIO'!A14 -> O1 | B2: ='N TRIBUTARIO'!B14 -> 01 | C2: ='N TRIBUTARIO'!C14 -> 10 | D2: ='N TRIBUTARIO'!D14 -> 79 | E2: ='N TRIBUTARIO'!E14 -> 001 | F2: ='N TRIBUTARIO'!F14 -> 9 | G2: ='N TRIBUTARIO'!G14 -> 13 | H2: ='N TRIBUTARIO'!H14 -> 0201 | I2: ='N TRIBUTARIO'!I14 -> 0 | J2: , | K2: ='N TRIBUTARIO'!J14 -> CANDELARIA DE LA FRONTERA | L2: ='N TRIBUTARIO'!K14 -> OESTE | M2: ='N TRIBUTARIO'!L14 -> SANTA ANA | N2: ='N TRIBUTARIO'!M14 -> 0 | O2: ='N TRIBUTARIO'!N14 -> 0 | P2: ='N TRIBUTARIO'!O14 -> 0 | Q2: ='N TRIBUTARIO'!P14 -> 0 | R2: ='N TRIBUTARIO'!Q14 -> 1 | ... AD2: ='N TRIBUTARIO'!AC14 -> 384.12
A3: ='N TRIBUTARIO'!A15 -> E1 | B3: ='N TRIBUTARIO'!B15 -> 01 | C3: ='N TRIBUTARIO'!C15 -> 06 | D3: ='N TRIBUTARIO'!D15 -> 11 | E3: ='N TRIBUTARIO'!E15 -> 001 | F3: ='N TRIBUTARIO'!F15 -> 2 | G3: ='N TRIBUTARIO'!G15 -> 14 | H3: ='N TRIBUTARIO'!H15 -> 0202 | I3: ='N TRIBUTARIO'!I15 -> 0 | J3: , | K3: ='N TRIBUTARIO'!J15 -> COATEPEQUE | L3: ='N TRIBUTARIO'!K15 -> ESTE | M3: ='N TRIBUTARIO'!L15 -> SANTA ANA | N3: ='N TRIBUTARIO'!M15 -> 0 | O3: ='N TRIBUTARIO'!N15 -> 0 | P3: ='N TRIBUTARIO'!O15 -> 1 | Q3: ='N TRIBUTARIO'!P15 -> 0 | R3: ='N TRIBUTARIO'!Q15 -> 0 | ... AD3: ='N TRIBUTARIO'!AC15 -> 293.48
A4: ='N TRIBUTARIO'!A16 -> 0 | B4: ='N TRIBUTARIO'!B16 -> 01 | C4: ='N TRIBUTARIO'!C16 -> 06 | D4: ='N TRIBUTARIO'!D16 -> 11 | E4: ='N TRIBUTARIO'!E16 -> 001 | F4: ='N TRIBUTARIO'!F16 -> 2 | G4: ='N TRIBUTARIO'!G16 -> 15 | H4: ='N TRIBUTARIO'!H16 -> 0203 | I4: ='N TRIBUTARIO'!I16 -> 0 | J4: , | K4: ='N TRIBUTARIO'!J16 -> CHALCHUAPA | L4: ='N TRIBUTARIO'!K16 -> OESTE | M4: ='N TRIBUTARIO'!L16 -> SANTA ANA | N4: ='N TRIBUTARIO'!M16 -> 0 | O4: ='N TRIBUTARIO'!N16 -> 0 | P4: ='N TRIBUTARIO'!O16 -> 0 | Q4: ='N TRIBUTARIO'!P16 -> 0 | R4: ='N TRIBUTARIO'!Q16 -> 1 | ... AD4: ='N TRIBUTARIO'!AC16 -> 0
A5: ='N TRIBUTARIO'!A17 -> 0 | B5: ='N TRIBUTARIO'!B17 -> 02 | C5: ='N TRIBUTARIO'!C17 -> 10 | D5: ='N TRIBUTARIO'!D17 -> 79 | E5: ='N TRIBUTARIO'!E17 -> 001 | F5: ='N TRIBUTARIO'!F17 -> 9 | G5: ='N TRIBUTARIO'!G17 -> 16 | H5: ='N TRIBUTARIO'!H17 -> 0204 | I5: ='N TRIBUTARIO'!I17 -> 0 | J5: , | K5: ='N TRIBUTARIO'!J17 -> EL CONGO | L5: ='N TRIBUTARIO'!K17 -> ESTE | M5: ='N TRIBUTARIO'!L17 -> SANTA ANA | N5: ='N TRIBUTARIO'!M17 -> 0 | O5: ='N TRIBUTARIO'!N17 -> 0 | P5: ='N TRIBUTARIO'!O17 -> 1 | Q5: ='N TRIBUTARIO'!P17 -> 0 | R5: ='N TRIBUTARIO'!Q17 -> 0 | ... AD5: ='N TRIBUTARIO'!AC17 -> 0
A6: ='N TRIBUTARIO'!A18 -> 0 | B6: ='N TRIBUTARIO'!B18 -> 02 | C6: ='N TRIBUTARIO'!C18 -> 10 | D6: ='N TRIBUTARIO'!D18 -> 79 | E6: ='N TRIBUTARIO'!E18 -> 001 | F6: ='N TRIBUTARIO'!F18 -> 9 | G6: ='N TRIBUTARIO'!G18 -> 17 | H6: ='N TRIBUTARIO'!H18 -> 0205 | I6: ='N TRIBUTARIO'!I18 -> 0 | J6: , | K6: ='N TRIBUTARIO'!J18 -> EL PORVENIR | L6: ='N TRIBUTARIO'!K18 -> OESTE | M6: ='N TRIBUTARIO'!L18 -> SANTA ANA | N6: ='N TRIBUTARIO'!M18 -> 0 | O6: ='N TRIBUTARIO'!N18 -> 0 | P6: ='N TRIBUTARIO'!O18 -> 0 | Q6: ='N TRIBUTARIO'!P18 -> 0 | R6: ='N TRIBUTARIO'!Q18 -> 1 | ... AD6: ='N TRIBUTARIO'!AC18 -> 0
A7: ='N TRIBUTARIO'!A19 -> N1 | B7: ='N TRIBUTARIO'!B19 -> 02 | C7: ='N TRIBUTARIO'!C19 -> 10 | D7: ='N TRIBUTARIO'!D19 -> 79 | E7: ='N TRIBUTARIO'!E19 -> 001 | F7: ='N TRIBUTARIO'!F19 -> 9 | G7: ='N TRIBUTARIO'!G19 -> 18 | H7: ='N TRIBUTARIO'!H19 -> 0206 | I7: ='N TRIBUTARIO'!I19 -> 0 | J7: , | K7: ='N TRIBUTARIO'!J19 -> MASAHUAT | L7: ='N TRIBUTARIO'!K19 -> NORTE | M7: ='N TRIBUTARIO'!L19 -> SANTA ANA | N7: ='N TRIBUTARIO'!M19 -> 0 | O7: ='N TRIBUTARIO'!N19 -> 0 | P7: ='N TRIBUTARIO'!O19 -> 0 | Q7: ='N TRIBUTARIO'!P19 -> 1 | R7: ='N TRIBUTARIO'!Q19 -> 0 | ... AD7: ='N TRIBUTARIO'!AC19 -> 95.2
A8: ='N TRIBUTARIO'!A20 -> 0 | B8: ='N TRIBUTARIO'!B20 -> 01 | C8: ='N TRIBUTARIO'!C20 -> 06 | D8: ='N TRIBUTARIO'!D20 -> 11 | E8: ='N TRIBUTARIO'!E20 -> 002 | F8: ='N TRIBUTARIO'!F20 -> 4 | G8: ='N TRIBUTARIO'!G20 -> 19 | H8: ='N TRIBUTARIO'!H20 -> 0207 | I8: ='N TRIBUTARIO'!I20 -> 0 | J8: , | K8: ='N TRIBUTARIO'!J20 -> METAPAN | L8: ='N TRIBUTARIO'!K20 -> NORTE | M8: ='N TRIBUTARIO'!L20 -> SANTA ANA | N8: ='N TRIBUTARIO'!M20 -> 0 | O8: ='N TRIBUTARIO'!N20 -> 0 | P8: ='N TRIBUTARIO'!O20 -> 0 | Q8: ='N TRIBUTARIO'!P20 -> 1 | R8: ='N TRIBUTARIO'!Q20 -> 0 | ... AD8: ='N TRIBUTARIO'!AC20 -> 0
A9: ='N TRIBUTARIO'!A21 -> 0 | B9: ='N TRIBUTARIO'!B21 -> 02 | C9: ='N TRIBUTARIO'!C21 -> 10 | D9: ='N TRIBUTARIO'!D21 -> 79 | E9: ='N TRIBUTARIO'!E21 -> 001 | F9: ='N TRIBUTARIO'!F21 -> 9 | G9: ='N TRIBUTARIO'!G21 -> 20 | H9: ='N TRIBUTARIO'!H21 -> 0208 | I9: ='N TRIBUTARIO'!I21 -> 0 | J9: , | K9: ='N TRIBUTARIO'!J21 -> SAN ANTONIO PAJONAL | L9: ='N TRIBUTARIO'!K21 -> OESTE | M9: ='N TRIBUTARIO'!L21 -> SANTA ANA | N9: ='N TRIBUTARIO'!M21 -> 0 | O9: ='N TRIBUTARIO'!N21 -> 0 | P9: ='N TRIBUTARIO'!O21 -> 0 | Q9: ='N TRIBUTARIO'!P21 -> 0 | R9: ='N TRIBUTARIO'!Q21 -> 1 | ... AD9: ='N TRIBUTARIO'!AC21 -> 0
A10: ='N TRIBUTARIO'!A22 -> 0 | B10: ='N TRIBUTARIO'!B22 -> 02 | C10: ='N TRIBUTARIO'!C22 -> 10 | D10: ='N TRIBUTARIO'!D22 -> 79 | E10: ='N TRIBUTARIO'!E22 -> 001 | F10: ='N TRIBUTARIO'!F22 -> 9 | G10: ='N TRIBUTARIO'!G22 -> 21 | H10: ='N TRIBUTARIO'!H22 -> 0209 | I10: ='N TRIBUTARIO'!I22 -> 0 | J10: , | K10: ='N TRIBUTARIO'!J22 -> SAN SEBASTIAN SALITRILLO | L10: ='N TRIBUTARIO'!K22 -> OESTE | M10: ='N TRIBUTARIO'!L22 -> SANTA ANA | N10: ='N TRIBUTARIO'!M22 -> 0 | O10: ='N TRIBUTARIO'!N22 -> 0 | P10: ='N TRIBUTARIO'!O22 -> 0 | Q10: ='N TRIBUTARIO'!P22 -> 0 | R10: ='N TRIBUTARIO'!Q22 -> 1 | ... AD10: ='N TRIBUTARIO'!AC22 -> 0
A11: ='N TRIBUTARIO'!A23 -> 1C | B11: ='N TRIBUTARIO'!B23 -> 02 | C11: ='N TRIBUTARIO'!C23 -> 10 | D11: ='N TRIBUTARIO'!D23 -> 79 | E11: ='N TRIBUTARIO'!E23 -> 001 | F11: ='N TRIBUTARIO'!F23 -> 5 | G11: ='N TRIBUTARIO'!G23 -> 22 | H11: ='N TRIBUTARIO'!H23 -> 0210 | I11: ='N TRIBUTARIO'!I23 -> 2 | J11: , | K11: ='N TRIBUTARIO'!J23 -> SANTA ANA | L11: ='N TRIBUTARIO'!K23 -> CENTRO | M11: ='N TRIBUTARIO'!L23 -> SANTA ANA | N11: ='N TRIBUTARIO'!M23 -> 1 | O11: ='N TRIBUTARIO'!N23 -> 0 | P11: ='N TRIBUTARIO'!O23 -> 0 | Q11: ='N TRIBUTARIO'!P23 -> 0 | R11: ='N TRIBUTARIO'!Q23 -> 0 | ... AD11: ='N TRIBUTARIO'!AC23 -> 660.14
A12: ='N TRIBUTARIO'!A24 -> 0 | B12: ='N TRIBUTARIO'!B24 -> 02 | C12: ='N TRIBUTARIO'!C24 -> 10 | D12: ='N TRIBUTARIO'!D24 -> 79 | E12: ='N TRIBUTARIO'!E24 -> 001 | F12: ='N TRIBUTARIO'!F24 -> 0 | G12: ='N TRIBUTARIO'!G24 -> 23 | H12: ='N TRIBUTARIO'!H24 -> 0211 | I12: ='N TRIBUTARIO'!I24 -> 0 | J12: , | K12: ='N TRIBUTARIO'!J24 -> SANTA ROSA GUACHIPILIN | L12: ='N TRIBUTARIO'!K24 -> NORTE | M12: ='N TRIBUTARIO'!L24 -> SANTA ANA | N12: ='N TRIBUTARIO'!M24 -> 0 | O12: ='N TRIBUTARIO'!N24 -> 0 | P12: ='N TRIBUTARIO'!O24 -> 0 | Q12: ='N TRIBUTARIO'!P24 -> 1 | R12: ='N TRIBUTARIO'!Q24 -> 0 | ... AD12: ='N TRIBUTARIO'!AC24 -> 0
A13: ='N TRIBUTARIO'!A25 -> 0 | B13: ='N TRIBUTARIO'!B25 -> 02 | C13: ='N TRIBUTARIO'!C25 -> 10 | D13: ='N TRIBUTARIO'!D25 -> 79 | E13: ='N TRIBUTARIO'!E25 -> 001 | F13: ='N TRIBUTARIO'!F25 -> 0 | G13: ='N TRIBUTARIO'!G25 -> 24 | H13: ='N TRIBUTARIO'!H25 -> 0212 | I13: ='N TRIBUTARIO'!I25 -> 0 | J13: , | K13: ='N TRIBUTARIO'!J25 -> SANTIAGO DE LA FRONTERA | L13: ='N TRIBUTARIO'!K25 -> OESTE | M13: ='N TRIBUTARIO'!L25 -> SANTA ANA | N13: ='N TRIBUTARIO'!M25 -> 0 | O13: ='N TRIBUTARIO'!N25 -> 0 | P13: ='N TRIBUTARIO'!O25 -> 0 | Q13: ='N TRIBUTARIO'!P25 -> 0 | R13: ='N TRIBUTARIO'!Q25 -> 1 | ... AD13: ='N TRIBUTARIO'!AC25 -> 0
A14: ='N TRIBUTARIO'!A26 -> 0 | B14: ='N TRIBUTARIO'!B26 -> 02 | C14: ='N TRIBUTARIO'!C26 -> 10 | D14: ='N TRIBUTARIO'!D26 -> 79 | E14: ='N TRIBUTARIO'!E26 -> 001 | F14: ='N TRIBUTARIO'!F26 -> 0 | G14: ='N TRIBUTARIO'!G26 -> 25 | H14: ='N TRIBUTARIO'!H26 -> 0213 | I14: ='N TRIBUTARIO'!I26 -> 0 | J14: , | K14: ='N TRIBUTARIO'!J26 -> TEXISTEPEQUE | L14: ='N TRIBUTARIO'!K26 -> NORTE | M14: ='N TRIBUTARIO'!L26 -> SANTA ANA | N14: ='N TRIBUTARIO'!M26 -> 0 | O14: ='N TRIBUTARIO'!N26 -> 0 | P14: ='N TRIBUTARIO'!O26 -> 0 | Q14: ='N TRIBUTARIO'!P26 -> 1 | R14: ='N TRIBUTARIO'!Q26 -> 0 | ... AD14: ='N TRIBUTARIO'!AC26 -> 0
N15: =SUM(N2:N14) -> 1 | O15: =SUM(O2:O14) -> 0 | P15: =SUM(P2:P14) -> 2 | Q15: =SUM(Q2:Q14) -> 4 | R15: =SUM(R2:R14) -> 6 | S15: =SUM(S2:S14) -> 0 | T15: =SUM(T2:T14) -> 0
J18: =N1 -> CENTRO | K18: =CONCATENATE(K11) -> SANTA ANA
J19: =P1 -> ESTE | K19: =CONCATENATE(K3,J3,K5) -> COATEPEQUE, EL CONGO
J20: =Q1 -> NORTE | K20: =CONCATENATE(K7,J7,K8,J8,K12,J12,K14) -> MASAHUAT, METAPAN, SANTA ROSA GUACHIPILIN, TEXISTEPEQUE
J21: =R1 -> OESTE | K21: =CONCATENATE(K2,J2,K4,J4,K6,J6,K9,J9,K10,J10,K13) -> CANDELARIA DE LA FRONTERA, CHALCHUAPA, EL PORVENIR, SAN ANTONIO PAJONAL, SAN SEBASTIAN SALITRILLO, SANTIAGO DE LA FRONTERA

Sheet 3 son 
A1: CODIZONAL | B1: DIA | C1: MES | D1: AÑO | E1: SERIE | F1: CODIGO | G1: NUMERO | H1: CORRELATIVO | I1: # DE DEPARTAMENTO | K1: NOMBRE DE DISTRITO | L1: ZONA | M1: NOMBRE DEPARTAMENTO | N1: CENTRO | O1: COSTA | P1: ESTE | Q1: NORTE | R1: OESTE | S1: SUR | T1: NO DETERMINADO | W1: DISTCODIGOZONA | X1: NITDIST | Y1: NOMBRE DISTRITO ZONA | Z1: NIT DISTRITO NOMBRE ZONA | AA1: CODIGO NOMBRE ZONA | AB1: AREA (KM2) | AC1: POBLACION | AD1: DENSIDAD (HAB./KM2)
A2: ='N TRIBUTARIO'!A27 -> O1 | B2: ='N TRIBUTARIO'!B27 -> 01 | C2: ='N TRIBUTARIO'!C27 -> 06 | D2: ='N TRIBUTARIO'!D27 -> 11 | E2: ='N TRIBUTARIO'!E27 -> 001 | F2: ='N TRIBUTARIO'!F27 -> 4 | G2: ='N TRIBUTARIO'!G27 -> 26 | H2: ='N TRIBUTARIO'!H27 -> 0301 | I2: ='N TRIBUTARIO'!I27 -> 0 | J2: , | K2: ='N TRIBUTARIO'!J27 -> ACAJUTLA | L2: ='N TRIBUTARIO'!K27 -> OESTE | M2: ='N TRIBUTARIO'!L27 -> SONSONATE | N2: ='N TRIBUTARIO'!M27 -> 0 | O2: ='N TRIBUTARIO'!N27 -> 0 | P2: ='N TRIBUTARIO'!O27 -> 0 | Q2: ='N TRIBUTARIO'!P27 -> 0 | R2: ='N TRIBUTARIO'!Q27 -> 1 | ... AD2: ='N TRIBUTARIO'!AC27 -> 319.7
A3: ='N TRIBUTARIO'!A28 -> E1 | B3: ='N TRIBUTARIO'!B28 -> 23 | C3: ='N TRIBUTARIO'!C28 -> 02 | D3: ='N TRIBUTARIO'!D28 -> 78 | E3: ='N TRIBUTARIO'!E28 -> 001 | F3: ='N TRIBUTARIO'!F28 -> 8 | G3: ='N TRIBUTARIO'!G28 -> 27 | H3: ='N TRIBUTARIO'!H28 -> 0302 | I3: ='N TRIBUTARIO'!I28 -> 0 | J3: , | K3: ='N TRIBUTARIO'!J28 -> ARMENIA | L3: ='N TRIBUTARIO'!K28 -> ESTE | M3: ='N TRIBUTARIO'!L28 -> SONSONATE | N3: ='N TRIBUTARIO'!M28 -> 0 | O3: ='N TRIBUTARIO'!N28 -> 0 | P3: ='N TRIBUTARIO'!O28 -> 1 | Q3: ='N TRIBUTARIO'!P28 -> 0 | R3: ='N TRIBUTARIO'!Q28 -> 0 | ... AD3: ='N TRIBUTARIO'!AC28 -> 294.78
A4: ='N TRIBUTARIO'!A29 -> 0 | B4: ='N TRIBUTARIO'!B29 -> 03 | C4: ='N TRIBUTARIO'!C29 -> 10 | D4: ='N TRIBUTARIO'!D29 -> 79 | E4: ='N TRIBUTARIO'!E29 -> 001 | F4: ='N TRIBUTARIO'!F29 -> 9 | G4: ='N TRIBUTARIO'!G29 -> 28 | H4: ='N TRIBUTARIO'!H29 -> 0303 | I4: ='N TRIBUTARIO'!I29 -> 0 | J4: , | K4: ='N TRIBUTARIO'!J29 -> CALUCO | L4: ='N TRIBUTARIO'!K29 -> ESTE | M4: ='N TRIBUTARIO'!L29 -> SONSONATE | N4: ='N TRIBUTARIO'!M29 -> 0 | O4: ='N TRIBUTARIO'!N29 -> 0 | P4: ='N TRIBUTARIO'!O29 -> 1 | Q4: ='N TRIBUTARIO'!P29 -> 0 | R4: ='N TRIBUTARIO'!Q29 -> 0 | ... AD4: ='N TRIBUTARIO'!AC29 -> 0
A5: ='N TRIBUTARIO'!A30 -> 0 | B5: ='N TRIBUTARIO'!B30 -> 03 | C5: ='N TRIBUTARIO'!C30 -> 10 | D5: ='N TRIBUTARIO'!D30 -> 79 | E5: ='N TRIBUTARIO'!E30 -> 001 | F5: ='N TRIBUTARIO'!F30 -> 9 | G5: ='N TRIBUTARIO'!G30 -> 29 | H5: ='N TRIBUTARIO'!H30 -> 0304 | I5: ='N TRIBUTARIO'!I30 -> 0 | J5: , | K5: ='N TRIBUTARIO'!J30 -> CUISNAHUAT | L5: ='N TRIBUTARIO'!K30 -> ESTE | M5: ='N TRIBUTARIO'!L30 -> SONSONATE | N5: ='N TRIBUTARIO'!M30 -> 0 | O5: ='N TRIBUTARIO'!N30 -> 0 | P5: ='N TRIBUTARIO'!O30 -> 1 | Q5: ='N TRIBUTARIO'!P30 -> 0 | R5: ='N TRIBUTARIO'!Q30 -> 0 | ... AD5: ='N TRIBUTARIO'!AC30 -> 0
A6: ='N TRIBUTARIO'!A31 -> 0 | B6: ='N TRIBUTARIO'!B31 -> 03 | C6: ='N TRIBUTARIO'!C31 -> 10 | D6: ='N TRIBUTARIO'!D31 -> 79 | E6: ='N TRIBUTARIO'!E31 -> 001 | F6: ='N TRIBUTARIO'!F31 -> 9 | G6: ='N TRIBUTARIO'!G31 -> 30 | H6: ='N TRIBUTARIO'!H31 -> 0305 | I6: ='N TRIBUTARIO'!I31 -> 0 | J6: , | K6: ='N TRIBUTARIO'!J31 -> SANTA ISABEL ISHUATAN | L6: ='N TRIBUTARIO'!K31 -> ESTE | M6: ='N TRIBUTARIO'!L31 -> SONSONATE | N6: ='N TRIBUTARIO'!M31 -> 0 | O6: ='N TRIBUTARIO'!N31 -> 0 | P6: ='N TRIBUTARIO'!O31 -> 1 | Q6: ='N TRIBUTARIO'!P31 -> 0 | R6: ='N TRIBUTARIO'!Q31 -> 0 | ... AD6: ='N TRIBUTARIO'!AC31 -> 0
A7: ='N TRIBUTARIO'!A32 -> 0 | B7: ='N TRIBUTARIO'!B32 -> 01 | C7: ='N TRIBUTARIO'!C32 -> 06 | D7: ='N TRIBUTARIO'!D32 -> 11 | E7: ='N TRIBUTARIO'!E32 -> 001 | F7: ='N TRIBUTARIO'!F32 -> 4 | G7: ='N TRIBUTARIO'!G32 -> 31 | H7: ='N TRIBUTARIO'!H32 -> 0306 | I7: ='N TRIBUTARIO'!I32 -> 0 | J7: , | K7: ='N TRIBUTARIO'!J32 -> IZALCO | L7: ='N TRIBUTARIO'!K32 -> ESTE | M7: ='N TRIBUTARIO'!L32 -> SONSONATE | N7: ='N TRIBUTARIO'!M32 -> 0 | O7: ='N TRIBUTARIO'!N32 -> 0 | P7: ='N TRIBUTARIO'!O32 -> 1 | Q7: ='N TRIBUTARIO'!P32 -> 0 | R7: ='N TRIBUTARIO'!Q32 -> 0 | ... AD7: ='N TRIBUTARIO'!AC32 -> 0
A8: ='N TRIBUTARIO'!A33 -> N1 | B8: ='N TRIBUTARIO'!B33 -> 01 | C8: ='N TRIBUTARIO'!C33 -> 06 | D8: ='N TRIBUTARIO'!D33 -> 11 | E8: ='N TRIBUTARIO'!E33 -> 001 | F8: ='N TRIBUTARIO'!F33 -> 4 | G8: ='N TRIBUTARIO'!G33 -> 32 | H8: ='N TRIBUTARIO'!H33 -> 0307 | I8: ='N TRIBUTARIO'!I33 -> 0 | J8: , | K8: ='N TRIBUTARIO'!J33 -> JUAYUA | L8: ='N TRIBUTARIO'!K33 -> NORTE | M8: ='N TRIBUTARIO'!L33 -> SONSONATE | N8: ='N TRIBUTARIO'!M33 -> 0 | O8: ='N TRIBUTARIO'!N33 -> 0 | P8: ='N TRIBUTARIO'!O33 -> 0 | Q8: ='N TRIBUTARIO'!P33 -> 1 | R8: ='N TRIBUTARIO'!Q33 -> 0 | ... AD8: ='N TRIBUTARIO'!AC33 -> 476.73
A9: ='N TRIBUTARIO'!A34 -> 0 | B9: ='N TRIBUTARIO'!B34 -> 01 | C9: ='N TRIBUTARIO'!C34 -> 06 | D9: ='N TRIBUTARIO'!D34 -> 11 | E9: ='N TRIBUTARIO'!E34 -> 001 | F9: ='N TRIBUTARIO'!F34 -> 4 | G9: ='N TRIBUTARIO'!G34 -> 33 | H9: ='N TRIBUTARIO'!H34 -> 0308 | I9: ='N TRIBUTARIO'!I34 -> 0 | J9: , | K9: ='N TRIBUTARIO'!J34 -> NAHUIZALCO | L9: ='N TRIBUTARIO'!K34 -> NORTE | M9: ='N TRIBUTARIO'!L34 -> SONSONATE | N9: ='N TRIBUTARIO'!M34 -> 0 | O9: ='N TRIBUTARIO'!N34 -> 0 | P9: ='N TRIBUTARIO'!O34 -> 0 | Q9: ='N TRIBUTARIO'!P34 -> 1 | R9: ='N TRIBUTARIO'!Q34 -> 0 | ... AD9: ='N TRIBUTARIO'!AC34 -> 0
A10: ='N TRIBUTARIO'!A35 -> 0 | B10: ='N TRIBUTARIO'!B35 -> 03 | C10: ='N TRIBUTARIO'!C35 -> 10 | D10: ='N TRIBUTARIO'!D35 -> 79 | E10: ='N TRIBUTARIO'!E35 -> 001 | F10: ='N TRIBUTARIO'!F35 -> 9 | G10: ='N TRIBUTARIO'!G35 -> 34 | H10: ='N TRIBUTARIO'!H35 -> 0309 | I10: ='N TRIBUTARIO'!I35 -> 0 | J10: , | K10: ='N TRIBUTARIO'!J35 -> NAHULINGO | L10: ='N TRIBUTARIO'!K35 -> CENTRO | M10: ='N TRIBUTARIO'!L35 -> SONSONATE | N10: ='N TRIBUTARIO'!M35 -> 1 | O10: ='N TRIBUTARIO'!N35 -> 0 | P10: ='N TRIBUTARIO'!O35 -> 0 | Q10: ='N TRIBUTARIO'!P35 -> 0 | R10: ='N TRIBUTARIO'!Q35 -> 0 | ... AD10: ='N TRIBUTARIO'!AC35 -> 0
A11: ='N TRIBUTARIO'!A36 -> 0 | B11: ='N TRIBUTARIO'!B36 -> 03 | C11: ='N TRIBUTARIO'!C36 -> 10 | D11: ='N TRIBUTARIO'!D36 -> 79 | E11: ='N TRIBUTARIO'!E36 -> 001 | F11: ='N TRIBUTARIO'!F36 -> 0 | G11: ='N TRIBUTARIO'!G36 -> 35 | H11: ='N TRIBUTARIO'!H36 -> 0310 | I11: ='N TRIBUTARIO'!I36 -> 0 | J11: , | K11: ='N TRIBUTARIO'!J36 -> SALCOATITAN | L11: ='N TRIBUTARIO'!K36 -> NORTE | M11: ='N TRIBUTARIO'!L36 -> SONSONATE | N11: ='N TRIBUTARIO'!M36 -> 0 | O11: ='N TRIBUTARIO'!N36 -> 0 | P11: ='N TRIBUTARIO'!O36 -> 0 | Q11: ='N TRIBUTARIO'!P36 -> 1 | R11: ='N TRIBUTARIO'!Q36 -> 0 | ... AD11: ='N TRIBUTARIO'!AC36 -> 0
A12: ='N TRIBUTARIO'!A37 -> 0 | B12: ='N TRIBUTARIO'!B37 -> 03 | C12: ='N TRIBUTARIO'!C37 -> 10 | D12: ='N TRIBUTARIO'!D37 -> 79 | E12: ='N TRIBUTARIO'!E37 -> 001 | F12: ='N TRIBUTARIO'!F37 -> 0 | G12: ='N TRIBUTARIO'!G37 -> 36 | H12: ='N TRIBUTARIO'!H37 -> 0311 | I12: ='N TRIBUTARIO'!I37 -> 0 | J12: , | K12: ='N TRIBUTARIO'!J37 -> SAN ANTONIO DEL MONTE | L12: ='N TRIBUTARIO'!K37 -> CENTRO | M12: ='N TRIBUTARIO'!L37 -> SONSONATE | N12: ='N TRIBUTARIO'!M37 -> 1 | O12: ='N TRIBUTARIO'!N37 -> 0 | P12: ='N TRIBUTARIO'!O37 -> 0 | Q12: ='N TRIBUTARIO'!P37 -> 0 | R12: ='N TRIBUTARIO'!Q37 -> 0 | ... AD12: ='N TRIBUTARIO'!AC37 -> 0
A13: ='N TRIBUTARIO'!A38 -> 0 | B13: ='N TRIBUTARIO'!B38 -> 03 | C13: ='N TRIBUTARIO'!C38 -> 10 | D13: ='N TRIBUTARIO'!D38 -> 79 | E13: ='N TRIBUTARIO'!E38 -> 001 | F13: ='N TRIBUTARIO'!F38 -> 0 | G13: ='N TRIBUTARIO'!G38 -> 37 | H13: ='N TRIBUTARIO'!H38 -> 0312 | I13: ='N TRIBUTARIO'!I38 -> 0 | J13: , | K13: ='N TRIBUTARIO'!J38 -> SAN JULIAN | L13: ='N TRIBUTARIO'!K38 -> ESTE | M13: ='N TRIBUTARIO'!L38 -> SONSONATE | N13: ='N TRIBUTARIO'!M38 -> 0 | O13: ='N TRIBUTARIO'!N38 -> 0 | P13: ='N TRIBUTARIO'!O38 -> 1 | Q13: ='N TRIBUTARIO'!P38 -> 0 | R13: ='N TRIBUTARIO'!Q38 -> 0 | ... AD13: ='N TRIBUTARIO'!AC38 -> 0
... A17: ='N TRIBUTARIO'!A42 -> 0 | B17: ='N TRIBUTARIO'!B42 -> 03 | C17: ='N TRIBUTARIO'!C42 -> 10 | D17: ='N TRIBUTARIO'!D42 -> 79 | E17: ='N TRIBUTARIO'!E42 -> 001 | F17: ='N TRIBUTARIO'!F42 -> 0 | G17: ='N TRIBUTARIO'!G42 -> 41 | H17: ='N TRIBUTARIO'!H42 -> 0316 | I17: ='N TRIBUTARIO'!I42 -> 0 | J17: , | K17: ='N TRIBUTARIO'!J42 -> SONZACATE | L17: ='N TRIBUTARIO'!K42 -> CENTRO | M17: ='N TRIBUTARIO'!L42 -> SONSONATE | N17: ='N TRIBUTARIO'!M42 -> 1 | O17: ='N TRIBUTARIO'!N42 -> 0 | P17: ='N TRIBUTARIO'!O42 -> 0 | Q17: ='N TRIBUTARIO'!P42 -> 0 | R17: ='N TRIBUTARIO'!Q42 -> 0 | ... AD17: ='N TRIBUTARIO'!AC42 -> 0
N18: =SUM(N2:N17) -> 5 | O18: =SUM(O2:O17) -> 0 | P18: =SUM(P2:P17) -> 6 | Q18: =SUM(Q2:Q17) -> 4 | R18: =SUM(R2:R17) -> 1 | S18: =SUM(S2:S17) -> 0 | T18: =SUM(T2:T17) -> 0
J19: =N1 -> CENTRO | K19: =CONCATENATE(K10,J10,K12,J12,K15,J15,K16,J16,K17) -> NAHULINGO, SAN ANTONIO DEL MONTE, SANTO DOMINGO DE GUZMAN, SONSONATE, SONZACATE
J20: =P1 -> ESTE | K20: =CONCATENATE(K3,J3,K4,J4,K5,J5,K6,J6,K7,J7,K13) -> ARMENIA, CALUCO, CUISNAHUAT, SANTA ISABEL ISHUATAN, IZALCO, SAN JULIAN
J21: =Q1 -> NORTE | K21: =CONCATENATE(K8,J8,K9,J9,K11,J11,K14) -> JUAYUA, NAHUIZALCO, SALCOATITAN, SANTA CATARINA MASAHUAT
J22: =R1 -> OESTE | K22: =CONCATENATE(K2) -> ACAJUTLA

Sheet 4 cha
A1: CODIZONAL | B1: DIA | C1: MES | D1: AÑO | E1: SERIE | F1: CODIGO | G1: NUMERO | H1: CORRELATIVO | I1: # DE DEPARTAMENTO | K1: NOMBRE DE DISTRITO | L1: ZONA | M1: NOMBRE DEPARTAMENTO | N1: CENTRO | O1: COSTA | P1: ESTE | Q1: NORTE | R1: OESTE | S1: SUR | T1: NO DETERMINADO | W1: DISTCODIGOZONA | X1: NITDIST | Y1: NOMBRE DISTRITO ZONA | Z1: NIT DISTRITO NOMBRE ZONA | AA1: CODIGO NOMBRE ZONA | AB1: AREA (KM2) | AC1: POBLACION | AD1: DENSIDAD (HAB./KM2)
A2: ='N TRIBUTARIO'!A43 -> 1C | B2: ='N TRIBUTARIO'!B43 -> 04 | C2: ='N TRIBUTARIO'!C43 -> 10 | D2: ='N TRIBUTARIO'!D43 -> 79 | E2: ='N TRIBUTARIO'!E43 -> 001 | F2: ='N TRIBUTARIO'!F43 -> 9 | G2: ='N TRIBUTARIO'!G43 -> 42 | H2: ='N TRIBUTARIO'!H43 -> 0401 | I2: ='N TRIBUTARIO'!I43 -> 0 | J2: , | K2: ='N TRIBUTARIO'!J43 -> AGUA CALIENTE | L2: ='N TRIBUTARIO'!K43 -> CENTRO | M2: ='N TRIBUTARIO'!L43 -> CHALATENANGO | N2: ='N TRIBUTARIO'!M43 -> 1 | O2: ='N TRIBUTARIO'!N43 -> 0 | P2: ='N TRIBUTARIO'!O43 -> 0 | Q2: ='N TRIBUTARIO'!P43 -> 0 | R2: ='N TRIBUTARIO'!Q43 -> 0 | ... AD2: ='N TRIBUTARIO'!AC43 -> 98.83
A3: ='N TRIBUTARIO'!A44 -> S1 | B3: ='N TRIBUTARIO'!B44 -> 04 | C3: ='N TRIBUTARIO'!C44 -> 10 | D3: ='N TRIBUTARIO'!D44 -> 79 | E3: ='N TRIBUTARIO'!E44 -> 001 | F3: ='N TRIBUTARIO'!F44 -> 9 | G3: ='N TRIBUTARIO'!G44 -> 43 | H3: ='N TRIBUTARIO'!H44 -> 0402 | I3: ='N TRIBUTARIO'!I44 -> 0 | J3: , | K3: ='N TRIBUTARIO'!J44 -> ARCATAO | L3: ='N TRIBUTARIO'!K44 -> SUR | M3: ='N TRIBUTARIO'!L44 -> CHALATENANGO | N3: ='N TRIBUTARIO'!M44 -> 0 | O3: ='N TRIBUTARIO'!N44 -> 0 | P3: ='N TRIBUTARIO'!O44 -> 0 | Q3: ='N TRIBUTARIO'!P44 -> 0 | R3: ='N TRIBUTARIO'!Q44 -> 0 | ... AD3: ='N TRIBUTARIO'!AC44 -> 104.78
A4: ='N TRIBUTARIO'!A45 -> 0 | B4: ='N TRIBUTARIO'!B45 -> 04 | C4: ='N TRIBUTARIO'!C45 -> 10 | D4: ='N TRIBUTARIO'!D45 -> 79 | E4: ='N TRIBUTARIO'!E45 -> 001 | F4: ='N TRIBUTARIO'!F45 -> 9 | G4: ='N TRIBUTARIO'!G45 -> 44 | H4: ='N TRIBUTARIO'!H45 -> 0403 | I4: ='N TRIBUTARIO'!I45 -> 0 | J4: , | K4: ='N TRIBUTARIO'!J45 -> AZACUALPA | L4: ='N TRIBUTARIO'!K45 -> SUR | M4: ='N TRIBUTARIO'!L45 -> CHALATENANGO | N4: ='N TRIBUTARIO'!M45 -> 0 | O4: ='N TRIBUTARIO'!N45 -> 0 | P4: ='N TRIBUTARIO'!O45 -> 0 | Q4: ='N TRIBUTARIO'!P45 -> 0 | R4: ='N TRIBUTARIO'!Q45 -> 0 | ... AD4: ='N TRIBUTARIO'!AC45 -> 0
A5: ='N TRIBUTARIO'!A46 -> N1 | B5: ='N TRIBUTARIO'!B46 -> 04 | C5: ='N TRIBUTARIO'!C46 -> 10 | D5: ='N TRIBUTARIO'!D46 -> 79 | E5: ='N TRIBUTARIO'!E46 -> 001 | F5: ='N TRIBUTARIO'!F46 -> 9 | G5: ='N TRIBUTARIO'!G46 -> 45 | H5: ='N TRIBUTARIO'!H46 -> 0404 | I5: ='N TRIBUTARIO'!I46 -> 0 | J5: , | K5: ='N TRIBUTARIO'!J46 -> CITALA | L5: ='N TRIBUTARIO'!K46 -> NORTE | M5: ='N TRIBUTARIO'!L46 -> CHALATENANGO | N5: ='N TRIBUTARIO'!M46 -> 0 | O5: ='N TRIBUTARIO'!N46 -> 0 | P5: ='N TRIBUTARIO'!O46 -> 0 | Q5: ='N TRIBUTARIO'!P46 -> 1 | R5: ='N TRIBUTARIO'!Q46 -> 0 | ... AD5: ='N TRIBUTARIO'!AC46 -> 193.17
A6: ='N TRIBUTARIO'!A47 -> 0 | B6: ='N TRIBUTARIO'!B47 -> 04 | C6: ='N TRIBUTARIO'!C47 -> 10 | D6: ='N TRIBUTARIO'!D47 -> 79 | E6: ='N TRIBUTARIO'!E47 -> 001 | F6: ='N TRIBUTARIO'!F47 -> 9 | G6: ='N TRIBUTARIO'!G47 -> 46 | H6: ='N TRIBUTARIO'!H47 -> 0405 | I6: ='N TRIBUTARIO'!I47 -> 0 | J6: , | K6: ='N TRIBUTARIO'!J47 -> COMALAPA | L6: ='N TRIBUTARIO'!K47 -> SUR | M6: ='N TRIBUTARIO'!L47 -> CHALATENANGO | N6: ='N TRIBUTARIO'!M47 -> 0 | O6: ='N TRIBUTARIO'!N47 -> 0 | P6: ='N TRIBUTARIO'!O47 -> 0 | Q6: ='N TRIBUTARIO'!P47 -> 0 | R6: ='N TRIBUTARIO'!Q47 -> 0 | ... AD6: ='N TRIBUTARIO'!AC47 -> 0
A7: ='N TRIBUTARIO'!A48 -> 0 | B7: ='N TRIBUTARIO'!B48 -> 04 | C7: ='N TRIBUTARIO'!C48 -> 10 | D7: ='N TRIBUTARIO'!D48 -> 79 | E7: ='N TRIBUTARIO'!E48 -> 001 | F7: ='N TRIBUTARIO'!F48 -> 9 | G7: ='N TRIBUTARIO'!G48 -> 47 | H7: ='N TRIBUTARIO'!H48 -> 0406 | I7: ='N TRIBUTARIO'!I48 -> 0 | J7: , | K7: ='N TRIBUTARIO'!J48 -> CONCEPCION QUEZALTEPEQUE | L7: ='N TRIBUTARIO'!K48 -> SUR | M7: ='N TRIBUTARIO'!L48 -> CHALATENANGO | N7: ='N TRIBUTARIO'!M48 -> 0 | O7: ='N TRIBUTARIO'!N48 -> 0 | P7: ='N TRIBUTARIO'!O48 -> 0 | Q7: ='N TRIBUTARIO'!P48 -> 0 | R7: ='N TRIBUTARIO'!Q48 -> 0 | ... AD7: ='N TRIBUTARIO'!AC48 -> 0
A8: ='N TRIBUTARIO'!A49 -> 0 | B8: ='N TRIBUTARIO'!B49 -> 01 | C8: ='N TRIBUTARIO'!C49 -> 06 | D8: ='N TRIBUTARIO'!D49 -> 11 | E8: ='N TRIBUTARIO'!E49 -> 001 | F8: ='N TRIBUTARIO'!F49 -> 6 | G8: ='N TRIBUTARIO'!G49 -> 48 | H8: ='N TRIBUTARIO'!H49 -> 0407 | I8: ='N TRIBUTARIO'!I49 -> 4 | J8: , | K8: ='N TRIBUTARIO'!J49 -> CHALATENANGO | L8: ='N TRIBUTARIO'!K49 -> SUR | M8: ='N TRIBUTARIO'!L49 -> CHALATENANGO | N8: ='N TRIBUTARIO'!M49 -> 0 | O8: ='N TRIBUTARIO'!N49 -> 0 | P8: ='N TRIBUTARIO'!O49 -> 0 | Q8: ='N TRIBUTARIO'!P49 -> 0 | R8: ='N TRIBUTARIO'!Q49 -> 0 | ... AD8: ='N TRIBUTARIO'!AC49 -> 0
A9: ='N TRIBUTARIO'!A50 -> 0 | B9: ='N TRIBUTARIO'!B50 -> 04 | C9: ='N TRIBUTARIO'!C50 -> 10 | D9: ='N TRIBUTARIO'!D50 -> 79 | E9: ='N TRIBUTARIO'!E50 -> 001 | F9: ='N TRIBUTARIO'!F50 -> 9 | G9: ='N TRIBUTARIO'!G50 -> 49 | H9: ='N TRIBUTARIO'!H50 -> 0408 | I9: ='N TRIBUTARIO'!I50 -> 0 | J9: , | K9: ='N TRIBUTARIO'!J50 -> DULCE NOMBRE DE MARIA | L9: ='N TRIBUTARIO'!K50 -> CENTRO | M9: ='N TRIBUTARIO'!L50 -> CHALATENANGO | N9: ='N TRIBUTARIO'!M50 -> 1 | O9: ='N TRIBUTARIO'!N50 -> 0 | P9: ='N TRIBUTARIO'!O50 -> 0 | Q9: ='N TRIBUTARIO'!P50 -> 0 | R9: ='N TRIBUTARIO'!Q50 -> 0 | ... AD9: ='N TRIBUTARIO'!AC50 -> 0
A10: ='N TRIBUTARIO'!A51 -> 0 | B10: ='N TRIBUTARIO'!B51 -> 04 | C10: ='N TRIBUTARIO'!C51 -> 10 | D10: ='N TRIBUTARIO'!D51 -> 79 | E10: ='N TRIBUTARIO'!E51 -> 001 | F10: ='N TRIBUTARIO'!F51 -> 9 | G10: ='N TRIBUTARIO'!G51 -> 50 | H10: ='N TRIBUTARIO'!H51 -> 0409 | I10: ='N TRIBUTARIO'!I51 -> 0 | J10: , | K10: ='N TRIBUTARIO'!J51 -> EL CARRIZAL | L10: ='N TRIBUTARIO'!K51 -> SUR | M10: ='N TRIBUTARIO'!L51 -> CHALATENANGO | N10: ='N TRIBUTARIO'!M51 -> 0 | O10: ='N TRIBUTARIO'!N51 -> 0 | P10: ='N TRIBUTARIO'!O51 -> 0 | Q10: ='N TRIBUTARIO'!P51 -> 0 | R10: ='N TRIBUTARIO'!Q51 -> 0 | ... AD10: ='N TRIBUTARIO'!AC51 -> 0
A11: ='N TRIBUTARIO'!A52 -> 0 | B11: ='N TRIBUTARIO'!B52 -> 04 | C11: ='N TRIBUTARIO'!C52 -> 10 | D11: ='N TRIBUTARIO'!D52 -> 79 | E11: ='N TRIBUTARIO'!E52 -> 001 | F11: ='N TRIBUTARIO'!F52 -> 0 | G11: ='N TRIBUTARIO'!G52 -> 51 | H11: ='N TRIBUTARIO'!H52 -> 0410 | I11: ='N TRIBUTARIO'!I52 -> 0 | J11: , | K11: ='N TRIBUTARIO'!J52 -> EL PARAISO | L11: ='N TRIBUTARIO'!K52 -> CENTRO | M11: ='N TRIBUTARIO'!L52 -> CHALATENANGO | N11: ='N TRIBUTARIO'!M52 -> 1 | O11: ='N TRIBUTARIO'!N52 -> 0 | P11: ='N TRIBUTARIO'!O52 -> 0 | Q11: ='N TRIBUTARIO'!P52 -> 0 | R11: ='N TRIBUTARIO'!Q52 -> 0 | ... AD11: ='N TRIBUTARIO'!AC52 -> 0
A12: ='N TRIBUTARIO'!A53 -> 0 | B12: ='N TRIBUTARIO'!B53 -> 04 | C12: ='N TRIBUTARIO'!C53 -> 10 | D12: ='N TRIBUTARIO'!D53 -> 79 | E12: ='N TRIBUTARIO'!E53 -> 001 | F12: ='N TRIBUTARIO'!F53 -> 0 | G12: ='N TRIBUTARIO'!G53 -> 52 | H12: ='N TRIBUTARIO'!H53 -> 0411 | I12: ='N TRIBUTARIO'!I53 -> 0 | J12: , | K12: ='N TRIBUTARIO'!J53 -> LA LAGUNA | L12: ='N TRIBUTARIO'!K53 -> SUR | M12: ='N TRIBUTARIO'!L53 -> CHALATENANGO | N12: ='N TRIBUTARIO'!M53 -> 0 | O12: ='N TRIBUTARIO'!N53 -> 0 | P12: ='N TRIBUTARIO'!O53 -> 0 | Q12: ='N TRIBUTARIO'!P53 -> 0 | R12: ='N TRIBUTARIO'!Q53 -> 0 | ... AD12: ='N TRIBUTARIO'!AC53 -> 0
A13: ='N TRIBUTARIO'!A54 -> 0 | B13: ='N TRIBUTARIO'!B54 -> 04 | C13: ='N TRIBUTARIO'!C54 -> 10 | D13: ='N TRIBUTARIO'!D54 -> 79 | E13: ='N TRIBUTARIO'!E54 -> 001 | F13: ='N TRIBUTARIO'!F54 -> 0 | G13: ='N TRIBUTARIO'!G54 -> 53 | H13: ='N TRIBUTARIO'!H54 -> 0412 | I13: ='N TRIBUTARIO'!I54 -> 0 | J13: , | K13: ='N TRIBUTARIO'!J54 -> LA PALMA | L13: ='N TRIBUTARIO'!K54 -> NORTE | M13: ='N TRIBUTARIO'!L54 -> CHALATENANGO | N13: ='N TRIBUTARIO'!M54 -> 0 | O13: ='N TRIBUTARIO'!N54 -> 0 | P13: ='N TRIBUTARIO'!O54 -> 0 | Q13: ='N TRIBUTARIO'!P54 -> 1 | R13: ='N TRIBUTARIO'!Q54 -> 0 | ... AD13: ='N TRIBUTARIO'!AC54 -> 0
... A34: ='N TRIBUTARIO'!A75 -> 0 | B34: ='N TRIBUTARIO'!B75 -> 04 | C34: ='N TRIBUTARIO'!C75 -> 10 | D34: ='N TRIBUTARIO'!D75 -> 79 | E34: ='N TRIBUTARIO'!E75 -> 001 | F34: ='N TRIBUTARIO'!F75 -> 1 | G34: ='N TRIBUTARIO'!G75 -> 74 | H34: ='N TRIBUTARIO'!H75 -> 0433 | I34: ='N TRIBUTARIO'!I75 -> 0 | J34: , | K34: ='N TRIBUTARIO'!J75 -> TEJUTLA | L34: ='N TRIBUTARIO'!K75 -> CENTRO | M34: ='N TRIBUTARIO'!L75 -> CHALATENANGO | N34: ='N TRIBUTARIO'!M75 -> 1 | O34: ='N TRIBUTARIO'!N75 -> 0 | P34: ='N TRIBUTARIO'!O75 -> 0 | Q34: ='N TRIBUTARIO'!P75 -> 0 | R34: ='N TRIBUTARIO'!Q75 -> 0 | ... AD34: ='N TRIBUTARIO'!AC75 -> 0
N35: =SUM(N2:N34) -> 10 | O35: =SUM(O2:O34) -> 0 | P35: =SUM(P2:P34) -> 0 | Q35: =SUM(Q2:Q34) -> 3 | R35: =SUM(R2:R34) -> 0 | S35: =SUM(S2:S34) -> 20 | T35: =SUM(T2:T34) -> 0
I36: =N1 -> CENTRO | J36: =CONCATENATE(K2,J2,K9,J9,K11,J11,K14,J14,K17,J17,K23,J23,K25,J25,K32,J32,K33,J33,K34) -> AGUA CALIENTE, DULCE NOMBRE DE MARIA, EL PARAISO, LA REINA, NUEVA CONCEPCION, SAN FERNANDO, SAN FRANCISCO MORAZAN, SAN RAFAEL, SANTA RITA, TEJUTLA
I37: =Q1 -> NORTE | J37: =CONCATENATE(K5,J5,K13,J13,K26) -> CITALA, LA PALMA, SAN IGNACIO
I38: =S1 -> SUR | J38: =CONCATENATE(K3,J3,K4,J4,K6,J6,K7,J7,K8,J8,K10,J10,K12,J12,K15,J15,K16,J16,K18,J18,K19,J19,K20,J20,K21,J21,K22,J22,K24,J24,K27,J27,K28,J28,K29,J29,K30,J30,K31) -> ARCATAO, AZACUALPA, COMALAPA, CONCEPCION QUEZALTEPEQUE , CHALATENANGO, EL CARRIZAL, LA LAGUNA, LAS VUELTAS, NOMBRE DE JESUS, NUEVA TRINIDAD, OJOS DE AGUA, POTONICO, SAN ANTONIO DE LA CRUZ, SAN ANTONIO LOS RANCHOS, SAN FRANCISCO LEMPA, SAN ISIDRO LABRADOR, CANCASTE, SAN JOSE LAS FLORES, SAN LUIS DEL CARMEN, SAN MIGUEL DE MERCEDES

Sheet 5 LL
A1: CODIZONAL | B1: DIA | C1: MES | D1: AÑO | E1: SERIE | F1: CODIGO | G1: NUMERO | H1: CORRELATIVO | I1: # DE DEPARTAMENTO | K1: NOMBRE DE DISTRITO | L1: ZONA | M1: NOMBRE DEPARTAMENTO | N1: CENTRO | O1: COSTA | P1: ESTE | Q1: NORTE | R1: OESTE | S1: SUR | T1: NO DETERMINADO | W1: DISTCODIGOZONA | X1: NITDIST | Y1: NOMBRE DISTRITO ZONA | Z1: NIT DISTRITO NOMBRE ZONA | AA1: CODIGO NOMBRE ZONA | AB1: AREA (KM2) | AC1: POBLACION | AD1: DENSIDAD (HAB./KM2)
A2: ='N TRIBUTARIO'!A76 -> E1 | B2: ='N TRIBUTARIO'!B76 -> 01 | C2: ='N TRIBUTARIO'!C76 -> 06 | D2: ='N TRIBUTARIO'!D76 -> 11 | E2: ='N TRIBUTARIO'!E76 -> 001 | F2: ='N TRIBUTARIO'!F76 -> 8 | G2: ='N TRIBUTARIO'!G76 -> 75 | H2: ='N TRIBUTARIO'!H76 -> 0501 | I2: ='N TRIBUTARIO'!I76 -> 0 | J2: , | K2: ='N TRIBUTARIO'!J76 -> ANTIGUO CUSCATLAN | L2: ='N TRIBUTARIO'!K76 -> ESTE | M2: ='N TRIBUTARIO'!L76 -> LA LIBERTAD | N2: ='N TRIBUTARIO'!M76 -> 0 | O2: ='N TRIBUTARIO'!N76 -> 0 | P2: ='N TRIBUTARIO'!O76 -> 1 | Q2: ='N TRIBUTARIO'!P76 -> 0 | R2: ='N TRIBUTARIO'!Q76 -> 0 | ... AD2: ='N TRIBUTARIO'!AC76 -> 986.01
A3: ='N TRIBUTARIO'!A77 -> 0 | B3: ='N TRIBUTARIO'!B77 -> 05 | C3: ='N TRIBUTARIO'!C77 -> 10 | D3: ='N TRIBUTARIO'!D77 -> 79 | E3: ='N TRIBUTARIO'!E77 -> 001 | F3: ='N TRIBUTARIO'!F77 -> 9 | G3: ='N TRIBUTARIO'!G77 -> 76 | H3: ='N TRIBUTARIO'!H77 -> 0502 | I3: ='N TRIBUTARIO'!I77 -> 0 | J3: , | K3: ='N TRIBUTARIO'!J77 -> CIUDAD ARCE | L3: ='N TRIBUTARIO'!K77 -> CENTRO | M3: ='N TRIBUTARIO'!L77 -> LA LIBERTAD | N3: ='N TRIBUTARIO'!M77 -> 1 | O3: ='N TRIBUTARIO'!N77 -> 0 | P3: ='N TRIBUTARIO'!O77 -> 0 | Q3: ='N TRIBUTARIO'!P77 -> 0 | R3: ='N TRIBUTARIO'!Q77 -> 0 | ... AD3: ='N TRIBUTARIO'!AC77 -> 0
A4: ='N TRIBUTARIO'!A78 -> O1 | B4: ='N TRIBUTARIO'!B78 -> 03 | C4: ='N TRIBUTARIO'!C78 -> 06 | D4: ='N TRIBUTARIO'!D78 -> 79 | E4: ='N TRIBUTARIO'!E78 -> 001 | F4: ='N TRIBUTARIO'!F78 -> 3 | G4: ='N TRIBUTARIO'!G78 -> 77 | H4: ='N TRIBUTARIO'!H78 -> 0503 | I4: ='N TRIBUTARIO'!I78 -> 0 | J4: , | K4: ='N TRIBUTARIO'!J78 -> COLON | L4: ='N TRIBUTARIO'!K78 -> OESTE | M4: ='N TRIBUTARIO'!L78 -> LA LIBERTAD | N4: ='N TRIBUTARIO'!M78 -> 0 | O4: ='N TRIBUTARIO'!N78 -> 0 | P4: ='N TRIBUTARIO'!O78 -> 0 | Q4: ='N TRIBUTARIO'!P78 -> 0 | R4: ='N TRIBUTARIO'!Q78 -> 1 | ... AD4: ='N TRIBUTARIO'!AC78 -> 537.87
A5: ='N TRIBUTARIO'!A79 -> 0 | B5: ='N TRIBUTARIO'!B79 -> 25 | C5: ='N TRIBUTARIO'!C79 -> 03 | D5: ='N TRIBUTARIO'!D79 -> 24 | E5: ='N TRIBUTARIO'!E79 -> 001 | F5: ='N TRIBUTARIO'!F79 -> 9 | G5: ='N TRIBUTARIO'!G79 -> 78 | H5: ='N TRIBUTARIO'!H79 -> 0504 | I5: ='N TRIBUTARIO'!I79 -> 0 | J5: , | K5: ='N TRIBUTARIO'!J79 -> COMASAGUA | L5: ='N TRIBUTARIO'!K79 -> SUR | M5: ='N TRIBUTARIO'!L79 -> LA LIBERTAD | N5: ='N TRIBUTARIO'!M79 -> 0 | O5: ='N TRIBUTARIO'!N79 -> 0 | P5: ='N TRIBUTARIO'!O79 -> 0 | Q5: ='N TRIBUTARIO'!P79 -> 0 | R5: ='N TRIBUTARIO'!Q79 -> 0 | ... AD5: ='N TRIBUTARIO'!AC79 -> 0
A6: ='N TRIBUTARIO'!A80 -> N1 | B6: ='N TRIBUTARIO'!B80 -> 05 | C6: ='N TRIBUTARIO'!C80 -> 10 | D6: ='N TRIBUTARIO'!D80 -> 79 | E6: ='N TRIBUTARIO'!E80 -> 001 | F6: ='N TRIBUTARIO'!F80 -> 9 | G6: ='N TRIBUTARIO'!G80 -> 79 | H6: ='N TRIBUTARIO'!H80 -> 0505 | I6: ='N TRIBUTARIO'!I80 -> 0 | J6: , | K6: ='N TRIBUTARIO'!J80 -> CHILTIUPAN | L6: ='N TRIBUTARIO'!K80 -> NORTE | M6: ='N TRIBUTARIO'!L80 -> LA LIBERTAD | N6: ='N TRIBUTARIO'!M80 -> 0 | P6: ='N TRIBUTARIO'!O80 -> 0 | Q6: 1 | R6: ='N TRIBUTARIO'!Q80 -> 0 | S6: ='N TRIBUTARIO'!R80 -> 0 | T6: ='N TRIBUTARIO'!S80 -> 0 | U6: ='N TRIBUTARIO'!T80 -> - | V6: ='N TRIBUTARIO'!U80 | W6: ='N TRIBUTARIO'!V80 -> CHILTIUPAN-0505-NORTE | X6: ='N TRIBUTARIO'!W80 -> 0505-051079-001-9 | Y6: ='N TRIBUTARIO'!X80 -> CHILTIUPAN NORTE | ... AD6: ='N TRIBUTARIO'!AC80 -> 181.2
A7: ='N TRIBUTARIO'!A81 -> 0 | B7: ='N TRIBUTARIO'!B81 -> 05 | C7: ='N TRIBUTARIO'!C81 -> 10 | D7: ='N TRIBUTARIO'!D81 -> 79 | E7: ='N TRIBUTARIO'!E81 -> 001 | F7: ='N TRIBUTARIO'!F81 -> 9 | G7: ='N TRIBUTARIO'!G81 -> 80 | H7: ='N TRIBUTARIO'!H81 -> 0506 | I7: ='N TRIBUTARIO'!I81 -> 0 | J7: , | K7: ='N TRIBUTARIO'!J81 -> HUIZUCAR | L7: ='N TRIBUTARIO'!K81 -> ESTE | M7: ='N TRIBUTARIO'!L81 -> LA LIBERTAD | N7: ='N TRIBUTARIO'!M81 -> 0 | O7: ='N TRIBUTARIO'!N81 -> 0 | P7: ='N TRIBUTARIO'!O81 -> 1 | Q7: ='N TRIBUTARIO'!P81 -> 0 | R7: ='N TRIBUTARIO'!Q81 -> 0 | ... AD7: ='N TRIBUTARIO'!AC81 -> 0
A8: ='N TRIBUTARIO'!A82 -> 0 | B8: ='N TRIBUTARIO'!B82 -> 05 | C8: ='N TRIBUTARIO'!C82 -> 10 | D8: ='N TRIBUTARIO'!D82 -> 79 | E8: ='N TRIBUTARIO'!E82 -> 001 | F8: ='N TRIBUTARIO'!F82 -> 9 | G8: ='N TRIBUTARIO'!G82 -> 81 | H8: ='N TRIBUTARIO'!H82 -> 0507 | I8: ='N TRIBUTARIO'!I82 -> 0 | J8: , | K8: ='N TRIBUTARIO'!J82 -> JAYAQUE | L8: ='N TRIBUTARIO'!K82 -> OESTE | M8: ='N TRIBUTARIO'!L82 -> LA LIBERTAD | N8: ='N TRIBUTARIO'!M82 -> 0 | O8: ='N TRIBUTARIO'!N82 -> 0 | P8: ='N TRIBUTARIO'!O82 -> 0 | Q8: ='N TRIBUTARIO'!P82 -> 0 | R8: ='N TRIBUTARIO'!Q82 -> 1 | ... AD8: ='N TRIBUTARIO'!AC82 -> 0
A9: ='N TRIBUTARIO'!A83 -> 0 | B9: ='N TRIBUTARIO'!B83 -> 05 | C9: ='N TRIBUTARIO'!C83 -> 10 | D9: ='N TRIBUTARIO'!D83 -> 79 | E9: ='N TRIBUTARIO'!E83 -> 001 | F9: ='N TRIBUTARIO'!F83 -> 9 | G9: ='N TRIBUTARIO'!G83 -> 82 | H9: ='N TRIBUTARIO'!H83 -> 0508 | I9: ='N TRIBUTARIO'!I83 -> 0 | J9: , | K9: ='N TRIBUTARIO'!J83 -> JICALAPA | L9: ='N TRIBUTARIO'!K83 -> COSTA | M9: ='N TRIBUTARIO'!L83 -> LA LIBERTAD | N9: ='N TRIBUTARIO'!M83 -> 0 | O9: ='N TRIBUTARIO'!N83 -> 1 | P9: ='N TRIBUTARIO'!O83 -> 0 | Q9: ='N TRIBUTARIO'!P83 -> 0 | R9: ='N TRIBUTARIO'!Q83 -> 0 | ... AD9: ='N TRIBUTARIO'!AC83 -> 0
A10: ='N TRIBUTARIO'!A84 -> C2 | B10: ='N TRIBUTARIO'!B84 -> 01 | C10: ='N TRIBUTARIO'!C84 -> 06 | D10: ='N TRIBUTARIO'!D84 -> 11 | E10: ='N TRIBUTARIO'!E84 -> 001 | F10: ='N TRIBUTARIO'!F84 -> 8 | G10: ='N TRIBUTARIO'!G84 -> 83 | H10: ='N TRIBUTARIO'!H84 -> 0509 | I10: ='N TRIBUTARIO'!I84 -> 5 | J10: , | K10: ='N TRIBUTARIO'!J84 -> LA LIBERTAD | L10: ='N TRIBUTARIO'!K84 -> costa | M10: ='N TRIBUTARIO'!L84 -> LA LIBERTAD COSTA | N10: ='N TRIBUTARIO'!M84 -> 0 | O10: ='N TRIBUTARIO'!N84 -> 1 | P10: ='N TRIBUTARIO'!O84 -> 0 | Q10: ='N TRIBUTARIO'!P84 -> 0 | R10: ='N TRIBUTARIO'!Q84 -> 0 | ... AD10: ='N TRIBUTARIO'!AC84 -> 0
A11: ='N TRIBUTARIO'!A85 -> 0 | B11: ='N TRIBUTARIO'!B85 -> 05 | C11: ='N TRIBUTARIO'!C85 -> 10 | D11: ='N TRIBUTARIO'!D85 -> 79 | E11: ='N TRIBUTARIO'!E85 -> 001 | F11: ='N TRIBUTARIO'!F85 -> 0 | G11: ='N TRIBUTARIO'!G85 -> 84 | H11: ='N TRIBUTARIO'!H85 -> 0510 | I11: ='N TRIBUTARIO'!I85 -> 0 | J11: , | K11: ='N TRIBUTARIO'!J85 -> NUEVO CUSCATLAN | L11: ='N TRIBUTARIO'!K85 -> ESTE | M11: ='N TRIBUTARIO'!L85 -> LA LIBERTAD | N11: ='N TRIBUTARIO'!M85 -> 0 | O11: ='N TRIBUTARIO'!N85 -> 0 | P11: ='N TRIBUTARIO'!O85 -> 1 | Q11: ='N TRIBUTARIO'!P85 -> 0 | R11: ='N TRIBUTARIO'!Q85 -> 0 | ... AD11: ='N TRIBUTARIO'!AC85 -> 0
A12: ='N TRIBUTARIO'!A86 -> S1 | B12: ='N TRIBUTARIO'!B86 -> 01 | C12: ='N TRIBUTARIO'!C86 -> 06 | D12: ='N TRIBUTARIO'!D86 -> 11 | E12: ='N TRIBUTARIO'!E86 -> 001 | F12: ='N TRIBUTARIO'!F86 -> 9 | G12: ='N TRIBUTARIO'!G86 -> 85 | H12: ='N TRIBUTARIO'!H86 -> 0511 | I12: ='N TRIBUTARIO'!I86 -> 0 | J12: , | K12: ='N TRIBUTARIO'!J86 -> SANTA TECLA | L12: ='N TRIBUTARIO'!K86 -> SUR | M12: ='N TRIBUTARIO'!L86 -> LA LIBERTAD | N12: ='N TRIBUTARIO'!M86 -> 0 | O12: ='N TRIBUTARIO'!N86 -> 0 | P12: ='N TRIBUTARIO'!O86 -> 0 | Q12: ='N TRIBUTARIO'!P86 -> 0 | R12: ='N TRIBUTARIO'!Q86 -> 0 | ... AD12: ='N TRIBUTARIO'!AC86 -> 725.81
A13: ='N TRIBUTARIO'!A87 -> 0 | B13: ='N TRIBUTARIO'!B87 -> 01 | C13: ='N TRIBUTARIO'!C87 -> 06 | D13: ='N TRIBUTARIO'!D87 -> 11 | E13: ='N TRIBUTARIO'!E87 -> 001 | F13: ='N TRIBUTARIO'!F87 -> 9 | G13: ='N TRIBUTARIO'!G87 -> 86 | H13: ='N TRIBUTARIO'!H87 -> 0512 | I13: ='N TRIBUTARIO'!I87 -> 0 | J13: , | K13: ='N TRIBUTARIO'!J87 -> QUEZALTEPEQUE | L13: ='N TRIBUTARIO'!K87 -> NORTE | M13: ='N TRIBUTARIO'!L87 -> LA LIBERTAD | N13: ='N TRIBUTARIO'!M87 -> 0 | O13: ='N TRIBUTARIO'!N87 -> 0 | P13: ='N TRIBUTARIO'!O87 -> 0 | Q13: ='N TRIBUTARIO'!P87 -> 1 | R13: ='N TRIBUTARIO'!Q87 -> 0 | ... AD13: ='N TRIBUTARIO'!AC87 -> 308.4
A14: ='N TRIBUTARIO'!A88 -> 0 | B14: ='N TRIBUTARIO'!B88 -> 05 | C14: ='N TRIBUTARIO'!C88 -> 10 | D14: ='N TRIBUTARIO'!D88 -> 79 | E14: ='N TRIBUTARIO'!E88 -> 001 | F14: ='N TRIBUTARIO'!F88 -> 0 | G14: ='N TRIBUTARIO'!G88 -> 87 | H14: ='N TRIBUTARIO'!H88 -> 0513 | I14: ='N TRIBUTARIO'!I88 -> 0 | J14: , | K14: ='N TRIBUTARIO'!J88 -> SACACOYO | L14: ='N TRIBUTARIO'!K88 -> OESTE | M14: ='N TRIBUTARIO'!L88 -> LA LIBERTAD | N14: ='N TRIBUTARIO'!M88 -> 0 | O14: ='N TRIBUTARIO'!N88 -> 0 | P14: ='N TRIBUTARIO'!O88 -> 0 | Q14: ='N TRIBUTARIO'!P88 -> 0 | R14: ='N TRIBUTARIO'!Q88 -> 1 | ... AD14: ='N TRIBUTARIO'!AC88 -> 0
A15: ='N TRIBUTARIO'!A89 -> 0 | B15: ='N TRIBUTARIO'!B89 -> 05 | C15: ='N TRIBUTARIO'!C89 -> 10 | D15: ='N TRIBUTARIO'!D89 -> 79 | E15: ='N TRIBUTARIO'!E89 -> 001 | F15: ='N TRIBUTARIO'!F89 -> 0 | G15: ='N TRIBUTARIO'!G89 -> 88 | H15: ='N TRIBUTARIO'!H89 -> 0514 | I15: ='N TRIBUTARIO'!I89 -> 0 | J15: , | K15: ='N TRIBUTARIO'!J89 -> SAN JOSE VILLANUEVA | L15: ='N TRIBUTARIO'!K89 -> ESTE | M15: ='N TRIBUTARIO'!L89 -> LA LIBERTAD | N15: ='N TRIBUTARIO'!M89 -> 0 | O15: ='N TRIBUTARIO'!N89 -> 0 | P15: ='N TRIBUTARIO'!O89 -> 1 | Q15: ='N TRIBUTARIO'!P89 -> 0 | R15: ='N TRIBUTARIO'!Q89 -> 0 | ... AD15: ='N TRIBUTARIO'!AC89 -> 0
A16: ='N TRIBUTARIO'!A90 -> 1C | B16: ='N TRIBUTARIO'!B90 -> 01 | C16: ='N TRIBUTARIO'!C90 -> 06 | D16: ='N TRIBUTARIO'!D90 -> 11 | E16: ='N TRIBUTARIO'!E90 -> 001 | F16: ='N TRIBUTARIO'!F90 -> 9 | G16: ='N TRIBUTARIO'!G90 -> 89 | H16: ='N TRIBUTARIO'!H90 -> 0515 | I16: ='N TRIBUTARIO'!I90 -> 0 | J16: , | K16: ='N TRIBUTARIO'!J90 -> SAN JUAN OPICO | L16: ='N TRIBUTARIO'!K90 -> CENTRO | M16: ='N TRIBUTARIO'!L90 -> LA LIBERTAD | N16: ='N TRIBUTARIO'!M90 -> 1 | O16: ='N TRIBUTARIO'!N90 -> 0 | P16: ='N TRIBUTARIO'!O90 -> 0 | Q16: ='N TRIBUTARIO'!P90 -> 0 | R16: ='N TRIBUTARIO'!Q90 -> 0 | ... AD16: ='N TRIBUTARIO'!AC90 -> 462.15
A17: ='N TRIBUTARIO'!A91 -> 0 | B17: ='N TRIBUTARIO'!B91 -> 05 | C17: ='N TRIBUTARIO'!C91 -> 10 | D17: ='N TRIBUTARIO'!D91 -> 79 | E17: ='N TRIBUTARIO'!E91 -> 001 | F17: ='N TRIBUTARIO'!F91 -> 0 | G17: ='N TRIBUTARIO'!G91 -> 90 | H17: ='N TRIBUTARIO'!H91 -> 0516 | I17: ='N TRIBUTARIO'!I91 -> 0 | J17: , | K17: ='N TRIBUTARIO'!J91 -> SAN MATIAS | L17: ='N TRIBUTARIO'!K91 -> NORTE | M17: ='N TRIBUTARIO'!L91 -> LA LIBERTAD | N17: ='N TRIBUTARIO'!M91 -> 0 | O17: ='N TRIBUTARIO'!N91 -> 0 | P17: ='N TRIBUTARIO'!O91 -> 0 | Q17: ='N TRIBUTARIO'!P91 -> 1 | R17: ='N TRIBUTARIO'!Q91 -> 0 | ... AD17: ='N TRIBUTARIO'!AC91 -> 0
A18: ='N TRIBUTARIO'!A92 -> 0 | B18: ='N TRIBUTARIO'!B92 -> 05 | C18: ='N TRIBUTARIO'!C92 -> 10 | D18: ='N TRIBUTARIO'!D92 -> 79 | E18: ='N TRIBUTARIO'!E92 -> 001 | F18: ='N TRIBUTARIO'!F92 -> 0 | G18: ='N TRIBUTARIO'!G92 -> 91 | H18: ='N TRIBUTARIO'!H92 -> 0517 | I18: ='N TRIBUTARIO'!I92 -> 0 | J18: , | K18: ='N TRIBUTARIO'!J92 -> SAN PABLO TACACHICO | L18: ='N TRIBUTARIO'!K92 -> NORTE | M18: ='N TRIBUTARIO'!L92 -> LA LIBERTAD | N18: ='N TRIBUTARIO'!M92 -> 0 | O18: ='N TRIBUTARIO'!N92 -> 0 | P18: ='N TRIBUTARIO'!O92 -> 0 | Q18: ='N TRIBUTARIO'!P92 -> 1 | R18: ='N TRIBUTARIO'!Q92 -> 0 | ... AD18: ='N TRIBUTARIO'!AC92 -> 0
... A23: ='N TRIBUTARIO'!A97 -> 0 | B23: ='N TRIBUTARIO'!B97 -> 05 | C23: ='N TRIBUTARIO'!C97 -> 10 | D23: ='N TRIBUTARIO'!D97 -> 79 | E23: ='N TRIBUTARIO'!E97 -> 001 | F23: ='N TRIBUTARIO'!F97 -> 0 | G23: ='N TRIBUTARIO'!G97 -> 96 | H23: ='N TRIBUTARIO'!H97 -> 0522 | I23: ='N TRIBUTARIO'!I97 -> 0 | J23: , | K23: ='N TRIBUTARIO'!J97 -> ZARAGOZA | L23: ='N TRIBUTARIO'!K97 -> ESTE | M23: ='N TRIBUTARIO'!L97 -> LA LIBERTAD | N23: ='N TRIBUTARIO'!M97 -> 0 | O23: ='N TRIBUTARIO'!N97 -> 0 | P23: ='N TRIBUTARIO'!O97 -> 1 | Q23: ='N TRIBUTARIO'!P97 -> 0 | R23: ='N TRIBUTARIO'!Q97 -> 0 | ... AD23: ='N TRIBUTARIO'!AC97 -> 0
N24: =SUM(N2:N23) -> 2 | O24: =SUM(O2:O23) -> 4 | P24: =SUM(P2:P23) -> 5 | Q24: =SUM(Q2:Q23) -> 4 | R24: =SUM(R2:R23) -> 5 | S24: =SUM(S2:S23) -> 2 | T24: =SUM(T2:T23) -> 0
J25: =N1 -> CENTRO | K25: =CONCATENATE(K3,J3,K16) -> CIUDAD ARCE, SAN JUAN OPICO
J26: =O1 -> COSTA | K26: =CONCATENATE(K9,J9,K10,J10,K19,J19,K21) -> JICALAPA, LA LIBERTAD, TAMANIQUE, TEOTEPEQUE
J27: =P1 -> ESTE | K27: =CONCATENATE(K2,J2,K7,J7,K11,J11,K15,J15,K23) -> ANTIGUO CUSCATLAN, HUIZUCAR, NUEVO CUSCATLAN, SAN JOSE VILLANUEVA, ZARAGOZA
J28: =Q1 -> NORTE | K28: =CONCATENATE(K6,J6,K13,J13,K17,J17,K18) -> CHILTIUPAN, QUEZALTEPEQUE, SAN MATIAS, SAN PABLO TACACHICO
J29: =R1 -> OESTE | K29: =CONCATENATE(K4,J4,K8,J8,K14,J14,K20,J20,K22) -> COLON, JAYAQUE, SACACOYO, TALNIQUE, TEPECOYO
J30: =S1 -> SUR | K30: =CONCATENATE(K5,J5,K12) -> COMASAGUA, SANTA TECLA

Sheet 6 ss
A1: CODIZONAL | B1: DIA | C1: MES | D1: AÑO | E1: SERIE | F1: CODIGO | G1: NUMERO | H1: CORRELATIVO | I1: # DE DEPARTAMENTO | K1: NOMBRE DE DISTRITO | L1: ZONA | M1: NOMBRE DEPARTAMENTO | N1: CENTRO | O1: COSTA | P1: ESTE | Q1: NORTE | R1: OESTE | S1: SUR | T1: NO DETERMINADO | W1: DISTCODIGOZONA | X1: NITDIST | Y1: NOMBRE DISTRITO ZONA | Z1: NIT DISTRITO NOMBRE ZONA | AA1: CODIGO NOMBRE ZONA | AB1: AREA (KM2) | AC1: POBLACION | AD1: DENSIDAD (HAB./KM2)
A2: ='N TRIBUTARIO'!A98 -> N1 | B2: ='N TRIBUTARIO'!B98 -> 06 | C2: ='N TRIBUTARIO'!C98 -> 10 | D2: ='N TRIBUTARIO'!D98 -> 79 | E2: ='N TRIBUTARIO'!E98 -> 001 | F2: ='N TRIBUTARIO'!F98 -> 9 | G2: ='N TRIBUTARIO'!G98 -> 97 | H2: ='N TRIBUTARIO'!H98 -> 0601 | I2: ='N TRIBUTARIO'!I98 -> 0 | J2: , | K2: ='N TRIBUTARIO'!J98 -> AGUILARES | L2: ='N TRIBUTARIO'!K98 -> NORTE | M2: ='N TRIBUTARIO'!L98 -> SAN SALVADOR | N2: ='N TRIBUTARIO'!M98 -> 0 | O2: ='N TRIBUTARIO'!N98 -> 0 | P2: ='N TRIBUTARIO'!O98 -> 0 | Q2: ='N TRIBUTARIO'!P98 -> 1 | R2: ='N TRIBUTARIO'!Q98 -> 0 | ... AD2: ='N TRIBUTARIO'!AC98 -> 263.5
A3: ='N TRIBUTARIO'!A99 -> O1 | B3: ='N TRIBUTARIO'!B99 -> 30 | C3: ='N TRIBUTARIO'!C99 -> 06 | D3: ='N TRIBUTARIO'!D99 -> 78 | E3: ='N TRIBUTARIO'!E99 -> 001 | F3: ='N TRIBUTARIO'!F99 -> 3 | G3: ='N TRIBUTARIO'!G99 -> 98 | H3: ='N TRIBUTARIO'!H99 -> 0602 | I3: ='N TRIBUTARIO'!I99 -> 0 | J3: , | K3: ='N TRIBUTARIO'!J99 -> APOPA | L3: ='N TRIBUTARIO'!K99 -> OESTE | M3: ='N TRIBUTARIO'!L99 -> SAN SALVADOR | N3: ='N TRIBUTARIO'!M99 -> 0 | O3: ='N TRIBUTARIO'!N99 -> 0 | P3: ='N TRIBUTARIO'!O99 -> 0 | Q3: ='N TRIBUTARIO'!P99 -> 0 | R3: ='N TRIBUTARIO'!Q99 -> 1 | ... AD3: ='N TRIBUTARIO'!AC99 -> 1686.29
A4: ='N TRIBUTARIO'!A100 -> 0 | B4: ='N TRIBUTARIO'!B100 -> 01 | C4: ='N TRIBUTARIO'!C100 -> 06 | D4: ='N TRIBUTARIO'!D100 -> 11 | E4: ='N TRIBUTARIO'!E100 -> 005 | F4: ='N TRIBUTARIO'!F100 -> 8 | G4: ='N TRIBUTARIO'!G100 -> 99 | H4: ='N TRIBUTARIO'!H100 -> 0603 | I4: ='N TRIBUTARIO'!I100 -> 0 | J4: , | K4: ='N TRIBUTARIO'!J100 -> AYUTUXTEPEQUE | L4: ='N TRIBUTARIO'!K100 -> CENTRO | M4: ='N TRIBUTARIO'!L100 -> SAN SALVADOR | N4: ='N TRIBUTARIO'!M100 -> 1 | O4: ='N TRIBUTARIO'!N100 -> 0 | P4: ='N TRIBUTARIO'!O100 -> 0 | Q4: ='N TRIBUTARIO'!P100 -> 0 | R4: ='N TRIBUTARIO'!Q100 -> 0 | ... AD4: ='N TRIBUTARIO'!AC100 -> 0
A5: ='N TRIBUTARIO'!A101 -> 0 | B5: ='N TRIBUTARIO'!B101 -> 07 | C5: ='N TRIBUTARIO'!C101 -> 09 | D5: ='N TRIBUTARIO'!D101 -> 77 | E5: ='N TRIBUTARIO'!E101 -> 001 | F5: ='N TRIBUTARIO'!F101 -> 8 | G5: ='N TRIBUTARIO'!G101 -> 100 | H5: ='N TRIBUTARIO'!H101 -> 0604 | I5: ='N TRIBUTARIO'!I101 -> 0 | J5: , | K5: ='N TRIBUTARIO'!J101 -> CUSCATANCINGO | L5: ='N TRIBUTARIO'!K101 -> CENTRO | M5: ='N TRIBUTARIO'!L101 -> SAN SALVADOR | N5: ='N TRIBUTARIO'!M101 -> 1 | O5: ='N TRIBUTARIO'!N101 -> 0 | P5: ='N TRIBUTARIO'!O101 -> 0 | Q5: ='N TRIBUTARIO'!P101 -> 0 | R5: ='N TRIBUTARIO'!Q101 -> 0 | ... AD5: ='N TRIBUTARIO'!AC101 -> 0
A6: ='N TRIBUTARIO'!A102 -> 0 | B6: ='N TRIBUTARIO'!B102 -> 06 | C6: ='N TRIBUTARIO'!C102 -> 10 | D6: ='N TRIBUTARIO'!D102 -> 79 | E6: ='N TRIBUTARIO'!E102 -> 001 | F6: ='N TRIBUTARIO'!F102 -> 9 | G6: ='N TRIBUTARIO'!G102 -> 101 | H6: ='N TRIBUTARIO'!H102 -> 0605 | I6: ='N TRIBUTARIO'!I102 -> 0 | J6: , | K6: ='N TRIBUTARIO'!J102 -> EL PAISNAL | L6: ='N TRIBUTARIO'!K102 -> NORTE | M6: ='N TRIBUTARIO'!L102 -> SAN SALVADOR | N6: ='N TRIBUTARIO'!M102 -> 0 | O6: ='N TRIBUTARIO'!N102 -> 0 | P6: ='N TRIBUTARIO'!O102 -> 0 | Q6: ='N TRIBUTARIO'!P102 -> 1 | R6: ='N TRIBUTARIO'!Q102 -> 0 | ... AD6: ='N TRIBUTARIO'!AC102 -> 0
A7: ='N TRIBUTARIO'!A103 -> 0 | B7: ='N TRIBUTARIO'!B103 -> 06 | C7: ='N TRIBUTARIO'!C103 -> 10 | D7: ='N TRIBUTARIO'!D103 -> 79 | E7: ='N TRIBUTARIO'!E103 -> 001 | F7: ='N TRIBUTARIO'!F103 -> 9 | G7: ='N TRIBUTARIO'!G103 -> 102 | H7: ='N TRIBUTARIO'!H103 -> 0606 | I7: ='N TRIBUTARIO'!I103 -> 0 | J7: , | K7: ='N TRIBUTARIO'!J103 -> GUAZAPA | L7: ='N TRIBUTARIO'!K103 -> NORTE | M7: ='N TRIBUTARIO'!L103 -> SAN SALVADOR | N7: ='N TRIBUTARIO'!M103 -> 0 | O7: ='N TRIBUTARIO'!N103 -> 0 | P7: ='N TRIBUTARIO'!O103 -> 0 | Q7: ='N TRIBUTARIO'!P103 -> 1 | R7: ='N TRIBUTARIO'!Q103 -> 0 | ... AD7: ='N TRIBUTARIO'!AC103 -> 0
A8: ='N TRIBUTARIO'!A104 -> E1 | B8: ='N TRIBUTARIO'!B104 -> 01 | C8: ='N TRIBUTARIO'!C104 -> 06 | D8: ='N TRIBUTARIO'!D104 -> 11 | E8: ='N TRIBUTARIO'!E104 -> 001 | F8: ='N TRIBUTARIO'!F104 -> 0 | G8: ='N TRIBUTARIO'!G104 -> 103 | H8: ='N TRIBUTARIO'!H104 -> 0607 | I8: ='N TRIBUTARIO'!I104 -> 0 | J8: , | K8: ='N TRIBUTARIO'!J104 -> ILOPANGO | L8: ='N TRIBUTARIO'!K104 -> ESTE | M8: ='N TRIBUTARIO'!L104 -> SAN SALVADOR | N8: ='N TRIBUTARIO'!M104 -> 0 | O8: ='N TRIBUTARIO'!N104 -> 0 | P8: ='N TRIBUTARIO'!O104 -> 1 | Q8: ='N TRIBUTARIO'!P104 -> 0 | R8: ='N TRIBUTARIO'!Q104 -> 0 | ... AD8: ='N TRIBUTARIO'!AC104 -> 2933.52
A9: ='N TRIBUTARIO'!A105 -> 0 | B9: ='N TRIBUTARIO'!B105 -> 01 | C9: ='N TRIBUTARIO'!C105 -> 06 | D9: ='N TRIBUTARIO'!D105 -> 11 | E9: ='N TRIBUTARIO'!E105 -> 004 | F9: ='N TRIBUTARIO'!F105 -> 6 | G9: ='N TRIBUTARIO'!G105 -> 104 | H9: ='N TRIBUTARIO'!H105 -> 0608 | I9: ='N TRIBUTARIO'!I105 -> 0 | J9: , | K9: ='N TRIBUTARIO'!J105 -> MEJICANOS | L9: ='N TRIBUTARIO'!K105 -> CENTRO | M9: ='N TRIBUTARIO'!L105 -> SAN SALVADOR | N9: ='N TRIBUTARIO'!M105 -> 1 | O9: ='N TRIBUTARIO'!N105 -> 0 | P9: ='N TRIBUTARIO'!O105 -> 0 | Q9: ='N TRIBUTARIO'!P105 -> 0 | R9: ='N TRIBUTARIO'!Q105 -> 0 | ... AD9: ='N TRIBUTARIO'!AC105 -> 0
A10: ='N TRIBUTARIO'!A106 -> 0 | B10: ='N TRIBUTARIO'!B106 -> 10 | C10: ='N TRIBUTARIO'!C106 -> 10 | D10: ='N TRIBUTARIO'!D106 -> 77 | E10: ='N TRIBUTARIO'!E106 -> 001 | F10: ='N TRIBUTARIO'!F106 -> 0 | G10: ='N TRIBUTARIO'!G106 -> 105 | H10: ='N TRIBUTARIO'!H106 -> 0609 | I10: ='N TRIBUTARIO'!I106 -> 0 | J10: , | K10: ='N TRIBUTARIO'!J106 -> NEJAPA | L10: ='N TRIBUTARIO'!K106 -> OESTE | M10: ='N TRIBUTARIO'!L106 -> SAN SALVADOR | N10: ='N TRIBUTARIO'!M106 -> 0 | O10: ='N TRIBUTARIO'!N106 -> 0 | P10: ='N TRIBUTARIO'!O106 -> 0 | Q10: ='N TRIBUTARIO'!P106 -> 0 | R10: ='N TRIBUTARIO'!Q106 -> 1 | ... AD10: ='N TRIBUTARIO'!AC106 -> 0
A11: ='N TRIBUTARIO'!A107 -> 0 | B11: ='N TRIBUTARIO'!B107 -> 06 | C11: ='N TRIBUTARIO'!C107 -> 10 | D11: ='N TRIBUTARIO'!D107 -> 79 | E11: ='N TRIBUTARIO'!E107 -> 001 | F11: ='N TRIBUTARIO'!F107 -> 0 | G11: ='N TRIBUTARIO'!G107 -> 106 | H11: ='N TRIBUTARIO'!H107 -> 0610 | I11: ='N TRIBUTARIO'!I107 -> 0 | J11: , | K11: ='N TRIBUTARIO'!J107 -> PANCHIMALCO | L11: ='N TRIBUTARIO'!K107 -> SUR | M11: ='N TRIBUTARIO'!L107 -> SAN SALVADOR | N11: ='N TRIBUTARIO'!M107 -> 0 | O11: ='N TRIBUTARIO'!N107 -> 0 | P11: ='N TRIBUTARIO'!O107 -> 0 | Q11: ='N TRIBUTARIO'!P107 -> 0 | R11: ='N TRIBUTARIO'!Q107 -> 0 | ... AD11: ='N TRIBUTARIO'!AC107 -> 0
A12: ='N TRIBUTARIO'!A108 -> 0 | B12: ='N TRIBUTARIO'!B108 -> 06 | C12: ='N TRIBUTARIO'!C108 -> 10 | D12: ='N TRIBUTARIO'!D108 -> 79 | E12: ='N TRIBUTARIO'!E108 -> 001 | F12: ='N TRIBUTARIO'!F108 -> 0 | G12: ='N TRIBUTARIO'!G108 -> 107 | H12: ='N TRIBUTARIO'!H108 -> 0611 | I12: ='N TRIBUTARIO'!I108 -> 0 | J12: , | K12: ='N TRIBUTARIO'!J108 -> ROSARIO DE MORA | L12: ='N TRIBUTARIO'!K108 -> SUR | M12: ='N TRIBUTARIO'!L108 -> SAN SALVADOR | N12: ='N TRIBUTARIO'!M108 -> 0 | O12: ='N TRIBUTARIO'!N108 -> 0 | P12: ='N TRIBUTARIO'!O108 -> 0 | Q12: ='N TRIBUTARIO'!P108 -> 0 | R12: ='N TRIBUTARIO'!Q108 -> 0 | ... AD12: ='N TRIBUTARIO'!AC108 -> 0
A13: ='N TRIBUTARIO'!A109 -> S1 | B13: ='N TRIBUTARIO'!B109 -> 01 | C13: ='N TRIBUTARIO'!C109 -> 06 | D13: ='N TRIBUTARIO'!D109 -> 11 | E13: ='N TRIBUTARIO'!E109 -> 001 | F13: ='N TRIBUTARIO'!F109 -> 0 | G13: ='N TRIBUTARIO'!G109 -> 108 | H13: ='N TRIBUTARIO'!H109 -> 0612 | I13: ='N TRIBUTARIO'!I109 -> 0 | J13: , | K13: ='N TRIBUTARIO'!J109 -> SAN MARCOS | L13: ='N TRIBUTARIO'!K109 -> SUR | M13: ='N TRIBUTARIO'!L109 -> SAN SALVADOR | N13: ='N TRIBUTARIO'!M109 -> 0 | O13: ='N TRIBUTARIO'!N109 -> 0 | P13: ='N TRIBUTARIO'!O109 -> 0 | Q13: ='N TRIBUTARIO'!P109 -> 0 | R13: ='N TRIBUTARIO'!Q109 -> 0 | ... AD13: ='N TRIBUTARIO'!AC109 -> 808.14
... A20: ='N TRIBUTARIO'!A116 -> 0 | B20: ='N TRIBUTARIO'!B116 -> 01 | C20: ='N TRIBUTARIO'!C116 -> 06 | D20: ='N TRIBUTARIO'!D116 -> 11 | E20: ='N TRIBUTARIO'!E116 -> 001 | F20: ='N TRIBUTARIO'!F116 -> 0 | G20: ='N TRIBUTARIO'!G116 -> 115 | H20: ='N TRIBUTARIO'!H116 -> 0619 | I20: ='N TRIBUTARIO'!I116 -> 0 | J20: , | K20: ='N TRIBUTARIO'!J116 -> CIUDAD DELGADO | L20: ='N TRIBUTARIO'!K116 -> CENTRO | M20: ='N TRIBUTARIO'!L116 -> SAN SALVADOR | N20: ='N TRIBUTARIO'!M116 -> 1 | O20: ='N TRIBUTARIO'!N116 -> 0 | P20: ='N TRIBUTARIO'!O116 -> 0 | Q20: ='N TRIBUTARIO'!P116 -> 0 | R20: ='N TRIBUTARIO'!Q116 -> 0 | ... AD20: ='N TRIBUTARIO'!AC116 -> 0
N21: =SUM(N2:N20) -> 5 | O21: =SUM(O2:O20) -> 0 | P21: =SUM(P2:P20) -> 4 | Q21: =SUM(Q2:Q20) -> 3 | R21: =SUM(R2:R20) -> 2 | S21: =SUM(S2:S20) -> 5 | T21: =SUM(T2:T20) -> 0
J22: =N1 -> CENTRO | K22: =CONCATENATE(K4,J4,K5,J5,K9,J9,K15,J15,K20) -> AYUTUXTEPEQUE, CUSCATANCINGO, MEJICANOS, SAN SALVADOR, CIUDAD DELGADO
J23: =P1 -> ESTE | K23: =CONCATENATE(K8,J8,K14,J14,K18,J18,K19) -> ILOPANGO, SAN MARTIN, SOYAPANGO, TONACATEPEQUE
J24: =Q1 -> NORTE | K24: =CONCATENATE(K2,J2,K6,J6,K7) -> AGUILARES, EL PAISNAL, GUAZAPA
J25: =R1 -> OESTE | K25: =CONCATENATE(K3,J3,K10) -> APOPA, NEJAPA
J26: =S1 -> SUR | K26: =CONCATENATE(K11,J11,K12,J12,K13,J13,K16,J16,K17) -> PANCHIMALCO, ROSARIO DE MORA, SAN MARCOS, SANTIAGO TEXACUANGOS, SANTO TOMAS

Sheet 7 cus
A1: CODIZONAL | B1: DIA | C1: MES | D1: AÑO | E1: SERIE | F1: CODIGO | G1: NUMERO | H1: CORRELATIVO | I1: # DE DEPARTAMENTO | K1: NOMBRE DE DISTRITO | L1: ZONA | M1: NOMBRE DEPARTAMENTO | N1: CENTRO | O1: COSTA | P1: ESTE | Q1: NORTE | R1: OESTE | S1: SUR | T1: NO DETERMINADO | W1: DISTCODIGOZONA | X1: NITDIST | Y1: NOMBRE DISTRITO ZONA | Z1: NIT DISTRITO NOMBRE ZONA | AA1: CODIGO NOMBRE ZONA | AB1: AREA (KM2) | AC1: POBLACION | AD1: DENSIDAD (HAB./KM2)
A2: ='N TRIBUTARIO'!A117 -> 0 | B2: ='N TRIBUTARIO'!B117 -> 07 | C2: ='N TRIBUTARIO'!C117 -> 10 | D2: ='N TRIBUTARIO'!D117 -> 79 | E2: ='N TRIBUTARIO'!E117 -> 001 | F2: ='N TRIBUTARIO'!F117 -> 9 | G2: ='N TRIBUTARIO'!G117 -> 116 | H2: ='N TRIBUTARIO'!H117 -> 0701 | I2: ='N TRIBUTARIO'!I117 -> 0 | J2: , | K2: ='N TRIBUTARIO'!J117 -> CANDELARIA | L2: ='N TRIBUTARIO'!K117 -> SUR | M2: ='N TRIBUTARIO'!L117 -> CUSCATLAN | N2: ='N TRIBUTARIO'!M117 -> 0 | O2: ='N TRIBUTARIO'!N117 -> 0 | P2: ='N TRIBUTARIO'!O117 -> 0 | Q2: ='N TRIBUTARIO'!P117 -> 0 | R2: ='N TRIBUTARIO'!Q117 -> 0 | ... AD2: ='N TRIBUTARIO'!AC117 -> 0
A3: ='N TRIBUTARIO'!A118 -> S1 | B3: ='N TRIBUTARIO'!B118 -> 01 | C3: ='N TRIBUTARIO'!C118 -> 06 | D3: ='N TRIBUTARIO'!D118 -> 11 | E3: ='N TRIBUTARIO'!E118 -> 001 | F3: ='N TRIBUTARIO'!F118 -> 1 | G3: ='N TRIBUTARIO'!G118 -> 117 | H3: ='N TRIBUTARIO'!H118 -> 0702 | I3: ='N TRIBUTARIO'!I118 -> 7 | J3: , | K3: ='N TRIBUTARIO'!J118 -> COJUTEPEQUE | L3: ='N TRIBUTARIO'!K118 -> SUR | M3: ='N TRIBUTARIO'!L118 -> CUSCATLAN | N3: ='N TRIBUTARIO'!M118 -> 0 | O3: ='N TRIBUTARIO'!N118 -> 0 | P3: ='N TRIBUTARIO'!O118 -> 0 | Q3: ='N TRIBUTARIO'!P118 -> 0 | R3: ='N TRIBUTARIO'!Q118 -> 0 | ... AD3: ='N TRIBUTARIO'!AC118 -> 566.93
A4: ='N TRIBUTARIO'!A119 -> 0 | B4: ='N TRIBUTARIO'!B119 -> 14 | C4: ='N TRIBUTARIO'!C119 -> 10 | D4: ='N TRIBUTARIO'!D119 -> 79 | E4: ='N TRIBUTARIO'!E119 -> 001 | F4: ='N TRIBUTARIO'!F119 -> 0 | G4: ='N TRIBUTARIO'!G119 -> 118 | H4: ='N TRIBUTARIO'!H119 -> 0703 | I4: ='N TRIBUTARIO'!I119 -> 0 | J4: , | K4: ='N TRIBUTARIO'!J119 -> EL CARMEN | L4: ='N TRIBUTARIO'!K119 -> SUR | M4: ='N TRIBUTARIO'!L119 -> CUSCATLAN | N4: ='N TRIBUTARIO'!M119 -> 0 | O4: ='N TRIBUTARIO'!N119 -> 0 | P4: ='N TRIBUTARIO'!O119 -> 0 | Q4: ='N TRIBUTARIO'!P119 -> 0 | R4: ='N TRIBUTARIO'!Q119 -> 0 | ... AD4: ='N TRIBUTARIO'!AC119 -> 0
A5: ='N TRIBUTARIO'!A120 -> 0 | B5: ='N TRIBUTARIO'!B120 -> 07 | C5: ='N TRIBUTARIO'!C120 -> 10 | D5: ='N TRIBUTARIO'!D120 -> 79 | E5: ='N TRIBUTARIO'!E120 -> 001 | F5: ='N TRIBUTARIO'!F120 -> 9 | G5: ='N TRIBUTARIO'!G120 -> 119 | H5: ='N TRIBUTARIO'!H120 -> 0704 | I5: ='N TRIBUTARIO'!I120 -> 0 | J5: , | K5: ='N TRIBUTARIO'!J120 -> EL ROSARIO CUSCATLAN | L5: ='N TRIBUTARIO'!K120 -> SUR | M5: ='N TRIBUTARIO'!L120 -> CUSCATLAN | N5: ='N TRIBUTARIO'!M120 -> 0 | O5: ='N TRIBUTARIO'!N120 -> 0 | P5: ='N TRIBUTARIO'!O120 -> 0 | Q5: ='N TRIBUTARIO'!P120 -> 0 | R5: ='N TRIBUTARIO'!Q120 -> 0 | ... AD5: ='N TRIBUTARIO'!AC120 -> 0
A6: ='N TRIBUTARIO'!A121 -> 0 | B6: ='N TRIBUTARIO'!B121 -> 07 | C6: ='N TRIBUTARIO'!C121 -> 10 | D6: ='N TRIBUTARIO'!D121 -> 79 | E6: ='N TRIBUTARIO'!E121 -> 001 | F6: ='N TRIBUTARIO'!F121 -> 9 | G6: ='N TRIBUTARIO'!G121 -> 120 | H6: ='N TRIBUTARIO'!H121 -> 0705 | I6: ='N TRIBUTARIO'!I121 -> 0 | J6: , | K6: ='N TRIBUTARIO'!J121 -> MONTE SAN JUAN | L6: ='N TRIBUTARIO'!K121 -> SUR | M6: ='N TRIBUTARIO'!L121 -> CUSCATLAN | N6: ='N TRIBUTARIO'!M121 -> 0 | O6: ='N TRIBUTARIO'!N121 -> 0 | P6: ='N TRIBUTARIO'!O121 -> 0 | Q6: ='N TRIBUTARIO'!P121 -> 0 | R6: ='N TRIBUTARIO'!Q121 -> 0 | ... AD6: ='N TRIBUTARIO'!AC121 -> 0
A7: ='N TRIBUTARIO'!A122 -> 0 | B7: ='N TRIBUTARIO'!B122 -> 07 | C7: ='N TRIBUTARIO'!C122 -> 10 | D7: ='N TRIBUTARIO'!D122 -> 79 | E7: ='N TRIBUTARIO'!E122 -> 001 | F7: ='N TRIBUTARIO'!F122 -> 9 | G7: ='N TRIBUTARIO'!G122 -> 121 | H7: ='N TRIBUTARIO'!H122 -> 0706 | I7: ='N TRIBUTARIO'!I122 -> 0 | J7: , | K7: ='N TRIBUTARIO'!J122 -> ORATORIO DE CONCEPCION | L7: ='N TRIBUTARIO'!K122 -> NORTE | M7: ='N TRIBUTARIO'!L122 -> CUSCATLAN | N7: ='N TRIBUTARIO'!M122 -> 0 | O7: ='N TRIBUTARIO'!N122 -> 0 | P7: ='N TRIBUTARIO'!O122 -> 0 | Q7: ='N TRIBUTARIO'!P122 -> 1 | R7: ='N TRIBUTARIO'!Q122 -> 0 | ... AD7: ='N TRIBUTARIO'!AC122 -> 0
A8: ='N TRIBUTARIO'!A123 -> 0 | B8: ='N TRIBUTARIO'!B123 -> 07 | C8: ='N TRIBUTARIO'!C123 -> 10 | D8: ='N TRIBUTARIO'!D123 -> 79 | E8: ='N TRIBUTARIO'!E123 -> 001 | F8: ='N TRIBUTARIO'!F123 -> 9 | G8: ='N TRIBUTARIO'!G123 -> 122 | H8: ='N TRIBUTARIO'!H123 -> 0707 | I8: ='N TRIBUTARIO'!I123 -> 0 | J8: , | K8: ='N TRIBUTARIO'!J123 -> SAN BARTOLOME PERULAPIA | L8: ='N TRIBUTARIO'!K123 -> NORTE | M8: ='N TRIBUTARIO'!L123 -> CUSCATLAN | N8: ='N TRIBUTARIO'!M123 -> 0 | O8: ='N TRIBUTARIO'!N123 -> 0 | P8: ='N TRIBUTARIO'!O123 -> 0 | Q8: ='N TRIBUTARIO'!P123 -> 1 | R8: ='N TRIBUTARIO'!Q123 -> 0 | ... AD8: ='N TRIBUTARIO'!AC123 -> 0
A9: ='N TRIBUTARIO'!A124 -> 0 | B9: ='N TRIBUTARIO'!B124 -> 07 | C9: ='N TRIBUTARIO'!C124 -> 10 | D9: ='N TRIBUTARIO'!D124 -> 79 | E9: ='N TRIBUTARIO'!E124 -> 001 | F9: ='N TRIBUTARIO'!F124 -> 9 | G9: ='N TRIBUTARIO'!G124 -> 123 | H9: ='N TRIBUTARIO'!H124 -> 0708 | I9: ='N TRIBUTARIO'!I124 -> 0 | J9: , | K9: ='N TRIBUTARIO'!J124 -> SAN CRISTOBAL | L9: ='N TRIBUTARIO'!K124 -> SUR | M9: ='N TRIBUTARIO'!L124 -> CUSCATLAN | N9: ='N TRIBUTARIO'!M124 -> 0 | O9: ='N TRIBUTARIO'!N124 -> 0 | P9: ='N TRIBUTARIO'!O124 -> 0 | Q9: ='N TRIBUTARIO'!P124 -> 0 | R9: ='N TRIBUTARIO'!Q124 -> 0 | ... AD9: ='N TRIBUTARIO'!AC124 -> 0
A10: ='N TRIBUTARIO'!A125 -> 0 | B10: ='N TRIBUTARIO'!B125 -> 07 | C10: ='N TRIBUTARIO'!C125 -> 10 | D10: ='N TRIBUTARIO'!D125 -> 79 | E10: ='N TRIBUTARIO'!E125 -> 001 | F10: ='N TRIBUTARIO'!F125 -> 9 | G10: ='N TRIBUTARIO'!G125 -> 124 | H10: ='N TRIBUTARIO'!H125 -> 0709 | I10: ='N TRIBUTARIO'!I125 -> 0 | J10: , | K10: ='N TRIBUTARIO'!J125 -> SAN JOSE GUAYABAL | L10: ='N TRIBUTARIO'!K125 -> NORTE | M10: ='N TRIBUTARIO'!L125 -> CUSCATLAN | N10: ='N TRIBUTARIO'!M125 -> 0 | O10: ='N TRIBUTARIO'!N125 -> 0 | P10: ='N TRIBUTARIO'!O125 -> 0 | Q10: ='N TRIBUTARIO'!P125 -> 1 | R10: ='N TRIBUTARIO'!Q125 -> 0 | ... AD10: ='N TRIBUTARIO'!AC125 -> 0
A11: ='N TRIBUTARIO'!A126 -> 0 | B11: ='N TRIBUTARIO'!B126 -> 07 | C11: ='N TRIBUTARIO'!C126 -> 10 | D11: ='N TRIBUTARIO'!D126 -> 79 | E11: ='N TRIBUTARIO'!E126 -> 001 | F11: ='N TRIBUTARIO'!F126 -> 0 | G11: ='N TRIBUTARIO'!G126 -> 125 | H11: ='N TRIBUTARIO'!H126 -> 0710 | I11: ='N TRIBUTARIO'!I126 -> 0 | J11: , | K11: ='N TRIBUTARIO'!J126 -> SAN PEDRO PERULAPAN | L11: ='N TRIBUTARIO'!K126 -> NORTE | M11: ='N TRIBUTARIO'!L126 -> CUSCATLAN | N11: ='N TRIBUTARIO'!M126 -> 0 | O11: ='N TRIBUTARIO'!N126 -> 0 | P11: ='N TRIBUTARIO'!O126 -> 0 | Q11: ='N TRIBUTARIO'!P126 -> 1 | R11: ='N TRIBUTARIO'!Q126 -> 0 | ... AD11: ='N TRIBUTARIO'!AC126 -> 0
A12: ='N TRIBUTARIO'!A127 -> 0 | B12: ='N TRIBUTARIO'!B127 -> 07 | C12: ='N TRIBUTARIO'!C127 -> 10 | D12: ='N TRIBUTARIO'!D127 -> 79 | E12: ='N TRIBUTARIO'!E127 -> 001 | F12: ='N TRIBUTARIO'!F127 -> 0 | G12: ='N TRIBUTARIO'!G127 -> 126 | H12: ='N TRIBUTARIO'!H127 -> 0711 | I12: ='N TRIBUTARIO'!I127 -> 0 | J12: , | K12: ='N TRIBUTARIO'!J127 -> SAN RAFAEL CEDROS | L12: ='N TRIBUTARIO'!K127 -> SUR | M12: ='N TRIBUTARIO'!L127 -> CUSCATLAN | N12: ='N TRIBUTARIO'!M127 -> 0 | O12: ='N TRIBUTARIO'!N127 -> 0 | P12: ='N TRIBUTARIO'!O127 -> 0 | Q12: ='N TRIBUTARIO'!P127 -> 0 | R12: ='N TRIBUTARIO'!Q127 -> 0 | ... AD12: ='N TRIBUTARIO'!AC127 -> 0
A13: ='N TRIBUTARIO'!A128 -> 0 | B13: ='N TRIBUTARIO'!B128 -> 07 | C13: ='N TRIBUTARIO'!C128 -> 10 | D13: ='N TRIBUTARIO'!D128 -> 79 | E13: ='N TRIBUTARIO'!E128 -> 001 | F13: ='N TRIBUTARIO'!F128 -> 0 | G13: ='N TRIBUTARIO'!G128 -> 127 | H13: ='N TRIBUTARIO'!H128 -> 0712 | I13: ='N TRIBUTARIO'!I128 -> 0 | J13: , | K13: ='N TRIBUTARIO'!J128 -> SAN RAMON | L13: ='N TRIBUTARIO'!K128 -> SUR | M13: ='N TRIBUTARIO'!L128 -> CUSCATLAN | N13: ='N TRIBUTARIO'!M128 -> 0 | O13: ='N TRIBUTARIO'!N128 -> 0 | P13: ='N TRIBUTARIO'!O128 -> 0 | Q13: ='N TRIBUTARIO'!P128 -> 0 | R13: ='N TRIBUTARIO'!Q128 -> 0 | ... AD13: ='N TRIBUTARIO'!AC128 -> 0
... A17: ='N TRIBUTARIO'!A132 -> 0 | B17: ='N TRIBUTARIO'!B132 -> 07 | C17: ='N TRIBUTARIO'!C132 -> 10 | D17: ='N TRIBUTARIO'!D132 -> 79 | E17: ='N TRIBUTARIO'!E132 -> 001 | F17: ='N TRIBUTARIO'!F132 -> 0 | G17: ='N TRIBUTARIO'!G132 -> 131 | H17: ='N TRIBUTARIO'!H132 -> 0716 | I17: ='N TRIBUTARIO'!I132 -> 0 | J17: , | K17: ='N TRIBUTARIO'!J132 -> TENANCINGO | L17: ='N TRIBUTARIO'!K132 -> SUR | M17: ='N TRIBUTARIO'!L132 -> CUSCATLAN | N17: ='N TRIBUTARIO'!M132 -> 0 | O17: ='N TRIBUTARIO'!N132 -> 0 | P17: ='N TRIBUTARIO'!O132 -> 0 | Q17: ='N TRIBUTARIO'!P132 -> 0 | R17: ='N TRIBUTARIO'!Q132 -> 0 | ... AD17: ='N TRIBUTARIO'!AC132 -> 0
N18: =SUM(N2:N17) -> 0 | O18: =SUM(O2:O17) -> 0 | P18: =SUM(P2:P17) -> 0 | Q18: =SUM(Q2:Q17) -> 6 | R18: =SUM(R2:R17) -> 0 | S18: =SUM(S2:S17) -> 10
J19: =Q1 -> NORTE | K19: =CONCATENATE(K7,J7,K8,J8,K10,J10,K11,J11,K14,J14,K16) -> ORATORIO DE CONCEPCION, SAN BARTOLOME PERULAPIA, SAN JOSE GUAYABAL, SAN PEDRO PERULAPAN, SANTA CRUZ ANALQUITO, SUCHITOTO
J20: =S1 -> SUR | K20: =CONCATENATE(K2,J2,K3,J3,K4,J4,K5,J5,K6,J6,K9,J9,K12,J12,K13,J13,K15,J15,K17) -> CANDELARIA, COJUTEPEQUE, EL CARMEN, EL ROSARIO CUSCATLAN, MONTE SAN JUAN, SAN CRISTOBAL, SAN RAFAEL CEDROS, SAN RAMON, SANTA CRUZ MICHAPA, TENANCINGO

Sheet 8 lp
A1: CODIZONAL | B1: DIA | C1: MES | D1: AÑO | E1: SERIE | F1: CODIGO | G1: NUMERO | H1: CORRELATIVO | I1: # DE DEPARTAMENTO | K1: NOMBRE DE DISTRITO | L1: ZONA | M1: NOMBRE DEPARTAMENTO | N1: CENTRO | O1: COSTA | P1: ESTE | Q1: NORTE | R1: OESTE | S1: SUR | T1: NO DETERMINADO | W1: DISTCODIGOZONA | X1: NITDIST | Y1: NOMBRE DISTRITO ZONA | Z1: NIT DISTRITO NOMBRE ZONA | AA1: CODIGO NOMBRE ZONA | AB1: AREA (KM2) | AC1: POBLACION | AD1: DENSIDAD (HAB./KM2)
A2: ='N TRIBUTARIO'!A133 -> O1 | B2: ='N TRIBUTARIO'!B133 -> 08 | C2: ='N TRIBUTARIO'!C133 -> 10 | D2: ='N TRIBUTARIO'!D133 -> 79 | E2: ='N TRIBUTARIO'!E133 -> 001 | F2: ='N TRIBUTARIO'!F133 -> 9 | G2: ='N TRIBUTARIO'!G133 -> 132 | H2: ='N TRIBUTARIO'!H133 -> 0801 | I2: ='N TRIBUTARIO'!I133 -> 0 | J2: , | K2: ='N TRIBUTARIO'!J133 -> CUYULTITAN | L2: ='N TRIBUTARIO'!K133 -> OESTE | M2: ='N TRIBUTARIO'!L133 -> LA PAZ | N2: ='N TRIBUTARIO'!M133 -> 0 | O2: ='N TRIBUTARIO'!N133 -> 0 | P2: ='N TRIBUTARIO'!O133 -> 0 | Q2: ='N TRIBUTARIO'!P133 -> 0 | R2: ='N TRIBUTARIO'!Q133 -> 1 | ... AD2: ='N TRIBUTARIO'!AC133 -> 265.66
A3: ='N TRIBUTARIO'!A134 -> 1C | B3: ='N TRIBUTARIO'!B134 -> 08 | C3: ='N TRIBUTARIO'!C134 -> 10 | D3: ='N TRIBUTARIO'!D134 -> 79 | E3: ='N TRIBUTARIO'!E134 -> 001 | F3: ='N TRIBUTARIO'!F134 -> 9 | G3: ='N TRIBUTARIO'!G134 -> 133 | H3: ='N TRIBUTARIO'!H134 -> 0802 | I3: ='N TRIBUTARIO'!I134 -> 0 | J3: , | K3: ='N TRIBUTARIO'!J134 -> EL ROSARIO | L3: ='N TRIBUTARIO'!K134 -> CENTRO | M3: ='N TRIBUTARIO'!L134 -> LA PAZ | N3: ='N TRIBUTARIO'!M134 -> 1 | O3: ='N TRIBUTARIO'!N134 -> 0 | P3: ='N TRIBUTARIO'!O134 -> 0 | Q3: ='N TRIBUTARIO'!P134 -> 0 | R3: ='N TRIBUTARIO'!Q134 -> 0 | ... AD3: ='N TRIBUTARIO'!AC134 -> 256.57
A4: ='N TRIBUTARIO'!A135 -> 0 | B4: ='N TRIBUTARIO'!B135 -> 08 | C4: ='N TRIBUTARIO'!C135 -> 10 | D4: ='N TRIBUTARIO'!D135 -> 79 | E4: ='N TRIBUTARIO'!E135 -> 001 | F4: ='N TRIBUTARIO'!F135 -> 9 | G4: ='N TRIBUTARIO'!G135 -> 134 | H4: ='N TRIBUTARIO'!H135 -> 0803 | I4: ='N TRIBUTARIO'!I135 -> 0 | J4: , | K4: ='N TRIBUTARIO'!J135 -> JERUSALEN | L4: ='N TRIBUTARIO'!K135 -> CENTRO | M4: ='N TRIBUTARIO'!L135 -> LA PAZ | N4: ='N TRIBUTARIO'!M135 -> 1 | O4: ='N TRIBUTARIO'!N135 -> 0 | P4: ='N TRIBUTARIO'!O135 -> 0 | Q4: ='N TRIBUTARIO'!P135 -> 0 | R4: ='N TRIBUTARIO'!Q135 -> 0 | ... AD4: ='N TRIBUTARIO'!AC135 -> 0
A5: ='N TRIBUTARIO'!A136 -> 0 | B5: ='N TRIBUTARIO'!B136 -> 08 | C5: ='N TRIBUTARIO'!C136 -> 10 | D5: ='N TRIBUTARIO'!D136 -> 79 | E5: ='N TRIBUTARIO'!E136 -> 001 | F5: ='N TRIBUTARIO'!F136 -> 9 | G5: ='N TRIBUTARIO'!G136 -> 135 | H5: ='N TRIBUTARIO'!H136 -> 0804 | I5: ='N TRIBUTARIO'!I136 -> 0 | J5: , | K5: ='N TRIBUTARIO'!J136 -> MERCEDES LA CEIBA | L5: ='N TRIBUTARIO'!K136 -> CENTRO | M5: ='N TRIBUTARIO'!L136 -> LA PAZ | N5: ='N TRIBUTARIO'!M136 -> 1 | O5: ='N TRIBUTARIO'!N136 -> 0 | P5: ='N TRIBUTARIO'!O136 -> 0 | Q5: ='N TRIBUTARIO'!P136 -> 0 | R5: ='N TRIBUTARIO'!Q136 -> 0 | ... AD5: ='N TRIBUTARIO'!AC136 -> 0
A6: ='N TRIBUTARIO'!A137 -> 0 | B6: ='N TRIBUTARIO'!B137 -> 08 | C6: ='N TRIBUTARIO'!C137 -> 10 | D6: ='N TRIBUTARIO'!D137 -> 79 | E6: ='N TRIBUTARIO'!E137 -> 001 | F6: ='N TRIBUTARIO'!F137 -> 9 | G6: ='N TRIBUTARIO'!G137 -> 136 | H6: ='N TRIBUTARIO'!H137 -> 0805 | I6: ='N TRIBUTARIO'!I137 -> 0 | J6: , | K6: ='N TRIBUTARIO'!J137 -> OLOCUILTA | L6: ='N TRIBUTARIO'!K137 -> OESTE | M6: ='N TRIBUTARIO'!L137 -> LA PAZ | N6: ='N TRIBUTARIO'!M137 -> 0 | O6: ='N TRIBUTARIO'!N137 -> 0 | P6: ='N TRIBUTARIO'!O137 -> 0 | Q6: ='N TRIBUTARIO'!P137 -> 0 | R6: ='N TRIBUTARIO'!Q137 -> 1 | ... AD6: ='N TRIBUTARIO'!AC137 -> 0
A7: ='N TRIBUTARIO'!A138 -> 0 | B7: ='N TRIBUTARIO'!B138 -> 08 | C7: ='N TRIBUTARIO'!C138 -> 10 | D7: ='N TRIBUTARIO'!D138 -> 79 | E7: ='N TRIBUTARIO'!E138 -> 001 | F7: ='N TRIBUTARIO'!F138 -> 9 | G7: ='N TRIBUTARIO'!G138 -> 137 | H7: ='N TRIBUTARIO'!H138 -> 0806 | I7: ='N TRIBUTARIO'!I138 -> 0 | J7: , | K7: ='N TRIBUTARIO'!J138 -> PARAISO DE OSORIO | L7: ='N TRIBUTARIO'!K138 -> CENTRO | M7: ='N TRIBUTARIO'!L138 -> LA PAZ | N7: ='N TRIBUTARIO'!M138 -> 1 | O7: ='N TRIBUTARIO'!N138 -> 0 | P7: ='N TRIBUTARIO'!O138 -> 0 | Q7: ='N TRIBUTARIO'!P138 -> 0 | R7: ='N TRIBUTARIO'!Q138 -> 0 | ... AD7: ='N TRIBUTARIO'!AC138 -> 0
A8: ='N TRIBUTARIO'!A139 -> 0 | B8: ='N TRIBUTARIO'!B139 -> 08 | C8: ='N TRIBUTARIO'!C139 -> 10 | D8: ='N TRIBUTARIO'!D139 -> 79 | E8: ='N TRIBUTARIO'!E139 -> 001 | F8: ='N TRIBUTARIO'!F139 -> 9 | G8: ='N TRIBUTARIO'!G139 -> 138 | H8: ='N TRIBUTARIO'!H139 -> 0807 | I8: ='N TRIBUTARIO'!I139 -> 0 | J8: , | K8: ='N TRIBUTARIO'!J139 -> SAN ANTONIO MASAHUAT | L8: ='N TRIBUTARIO'!K139 -> CENTRO | M8: ='N TRIBUTARIO'!L139 -> LA PAZ | N8: ='N TRIBUTARIO'!M139 -> 1 | O8: ='N TRIBUTARIO'!N139 -> 0 | P8: ='N TRIBUTARIO'!O139 -> 0 | Q8: ='N TRIBUTARIO'!P139 -> 0 | R8: ='N TRIBUTARIO'!Q139 -> 0 | ... AD8: ='N TRIBUTARIO'!AC139 -> 0
A9: ='N TRIBUTARIO'!A140 -> 0 | B9: ='N TRIBUTARIO'!B140 -> 08 | C9: ='N TRIBUTARIO'!C140 -> 10 | D9: ='N TRIBUTARIO'!D140 -> 79 | E9: ='N TRIBUTARIO'!E140 -> 001 | F9: ='N TRIBUTARIO'!F140 -> 9 | G9: ='N TRIBUTARIO'!G140 -> 139 | H9: ='N TRIBUTARIO'!H140 -> 0808 | I9: ='N TRIBUTARIO'!I140 -> 0 | J9: , | K9: ='N TRIBUTARIO'!J140 -> SAN EMIGDIO | L9: ='N TRIBUTARIO'!K140 -> CENTRO | M9: ='N TRIBUTARIO'!L140 -> LA PAZ | N9: ='N TRIBUTARIO'!M140 -> 1 | O9: ='N TRIBUTARIO'!N140 -> 0 | P9: ='N TRIBUTARIO'!O140 -> 0 | Q9: ='N TRIBUTARIO'!P140 -> 0 | R9: ='N TRIBUTARIO'!Q140 -> 0 | ... AD9: ='N TRIBUTARIO'!AC140 -> 0
A10: ='N TRIBUTARIO'!A141 -> 0 | B10: ='N TRIBUTARIO'!B141 -> 08 | C10: ='N TRIBUTARIO'!C141 -> 10 | D10: ='N TRIBUTARIO'!D141 -> 79 | E10: ='N TRIBUTARIO'!E141 -> 001 | F10: ='N TRIBUTARIO'!F141 -> 9 | G10: ='N TRIBUTARIO'!G141 -> 140 | H10: ='N TRIBUTARIO'!H141 -> 0809 | I10: ='N TRIBUTARIO'!I141 -> 0 | J10: , | K10: ='N TRIBUTARIO'!J141 -> SAN FRANCISCO CHINAMECA | L10: ='N TRIBUTARIO'!K141 -> OESTE | M10: ='N TRIBUTARIO'!L141 -> LA PAZ | N10: ='N TRIBUTARIO'!M141 -> 0 | O10: ='N TRIBUTARIO'!N141 -> 0 | P10: ='N TRIBUTARIO'!O141 -> 0 | Q10: ='N TRIBUTARIO'!P141 -> 0 | R10: ='N TRIBUTARIO'!Q141 -> 1 | ... AD10: ='N TRIBUTARIO'!AC141 -> 0
A11: ='N TRIBUTARIO'!A142 -> E1 | B11: ='N TRIBUTARIO'!B142 -> 08 | C11: ='N TRIBUTARIO'!C142 -> 10 | D11: ='N TRIBUTARIO'!D142 -> 79 | E11: ='N TRIBUTARIO'!E142 -> 001 | F11: ='N TRIBUTARIO'!F142 -> 0 | G11: ='N TRIBUTARIO'!G142 -> 141 | H11: ='N TRIBUTARIO'!H142 -> 0810 | I11: ='N TRIBUTARIO'!I142 -> 0 | J11: , | K11: ='N TRIBUTARIO'!J142 -> SAN JUAN NONUALCO | L11: ='N TRIBUTARIO'!K142 -> ESTE | M11: ='N TRIBUTARIO'!L142 -> LA PAZ | N11: ='N TRIBUTARIO'!M142 -> 0 | O11: ='N TRIBUTARIO'!N142 -> 0 | P11: ='N TRIBUTARIO'!O142 -> 1 | Q11: ='N TRIBUTARIO'!P142 -> 0 | R11: ='N TRIBUTARIO'!Q142 -> 0 | ... AD11: ='N TRIBUTARIO'!AC142 -> 246.36
A12: ='N TRIBUTARIO'!A143 -> 0 | B12: ='N TRIBUTARIO'!B143 -> 08 | C12: ='N TRIBUTARIO'!C143 -> 10 | D12: ='N TRIBUTARIO'!D143 -> 79 | E12: ='N TRIBUTARIO'!E143 -> 001 | F12: ='N TRIBUTARIO'!F143 -> 0 | G12: ='N TRIBUTARIO'!G143 -> 142 | H12: ='N TRIBUTARIO'!H143 -> 0811 | I12: ='N TRIBUTARIO'!I143 -> 0 | J12: , | K12: ='N TRIBUTARIO'!J143 -> SAN JUAN TALPA | L12: ='N TRIBUTARIO'!K143 -> OESTE | M12: ='N TRIBUTARIO'!L143 -> LA PAZ | N12: ='N TRIBUTARIO'!M143 -> 0 | O12: ='N TRIBUTARIO'!N143 -> 0 | P12: ='N TRIBUTARIO'!O143 -> 0 | Q12: ='N TRIBUTARIO'!P143 -> 0 | R12: ='N TRIBUTARIO'!Q143 -> 1 | ... AD12: ='N TRIBUTARIO'!AC143 -> 0
A13: ='N TRIBUTARIO'!A144 -> 0 | B13: ='N TRIBUTARIO'!B144 -> 08 | C13: ='N TRIBUTARIO'!C144 -> 10 | D13: ='N TRIBUTARIO'!D144 -> 79 | E13: ='N TRIBUTARIO'!E144 -> 001 | F13: ='N TRIBUTARIO'!F144 -> 0 | G13: ='N TRIBUTARIO'!G144 -> 143 | H13: ='N TRIBUTARIO'!H144 -> 0812 | I13: ='N TRIBUTARIO'!I144 -> 0 | J13: , | K13: ='N TRIBUTARIO'!J144 -> SAN JUAN TEPEZONTES | L13: ='N TRIBUTARIO'!K144 -> CENTRO | M13: ='N TRIBUTARIO'!L144 -> LA PAZ | N13: ='N TRIBUTARIO'!M144 -> 1 | O13: ='N TRIBUTARIO'!N144 -> 0 | P13: ='N TRIBUTARIO'!O144 -> 0 | Q13: ='N TRIBUTARIO'!P144 -> 0 | R13: ='N TRIBUTARIO'!Q144 -> 0 | ... AD13: ='N TRIBUTARIO'!AC144 -> 0
... A23: ='N TRIBUTARIO'!A154 -> 0 | B23: ='N TRIBUTARIO'!B154 -> 27 | C23: ='N TRIBUTARIO'!C154 -> 10 | D23: ='N TRIBUTARIO'!D154 -> 84 | E23: ='N TRIBUTARIO'!E154 -> 001 | F23: ='N TRIBUTARIO'!F154 -> 4 | G23: ='N TRIBUTARIO'!G154 -> 153 | H23: ='N TRIBUTARIO'!H154 -> 0822 | I23: ='N TRIBUTARIO'!I154 -> 0 | J23: , | K23: ='N TRIBUTARIO'!J154 -> SAN LUIS LA HERRADURA | L23: ='N TRIBUTARIO'!K154 -> CENTRO | M23: ='N TRIBUTARIO'!L154 -> LA PAZ | N23: ='N TRIBUTARIO'!M154 -> 1 | O23: ='N TRIBUTARIO'!N154 -> 0 | P23: ='N TRIBUTARIO'!O154 -> 0 | Q23: ='N TRIBUTARIO'!P154 -> 0 | R23: ='N TRIBUTARIO'!Q154 -> 0 | ... AD23: ='N TRIBUTARIO'!AC154 -> 0
N24: =SUM(N2:N23) -> 12 | O24: =SUM(O2:O23) -> 0 | P24: =SUM(P2:P23) -> 3 | Q24: =SUM(Q2:Q23) -> 0 | R24: =SUM(R2:R23) -> 7 | S24: =SUM(S2:S23) -> 0 | T24: =SUM(T2:T23) -> 0
J25: =N1 -> CENTRO | K25: =CONCATENATE(K3,J3,K4,J4,K5,J5,K7,J7,K8,J8,K9,J9,K13,J13,K15,J15,K17,J17,K19,J19,K20,J20,K23) -> EL ROSARIO, JERUSALEN, MERCEDES LA CEIBA, PARAISO DE OSORIO, SAN ANTONIO MASAHUAT, SAN EMIGDIO, SAN JUAN TEPEZONTES, SAN MIGUEL TEPEZONTES, SAN PEDRO NONUALCO, SANTA MARIA OSTUMA, SANTIAGO NONUALCO, SAN LUIS LA HERRADURA
J26: =P1 -> ESTE | K26: =CONCATENATE(K11,J11,K18,J18,K22) -> SAN JUAN NONUALCO, SAN RAFAEL OBRAJUELO, ZACATECOLUCA
J27: =R1 -> OESTE | K27: =CONCATENATE(K2,J2,K6,J6,K10,J10,K12,J12,K14,J14,K16,J16,K21) -> CUYULTITAN, OLOCUILTA, SAN FRANCISCO CHINAMECA, SAN JUAN TALPA, SAN LUIS TALPA, SAN PEDRO MASAHUAT, TAPALHUACA

Sheet 9 cab
A1: CODIZONAL | B1: DIA | C1: MES | D1: AÑO | E1: SERIE | F1: CODIGO | G1: NUMERO | H1: CORRELATIVO | I1: # DE DEPARTAMENTO | K1: NOMBRE DE DISTRITO | L1: ZONA | M1: NOMBRE DEPARTAMENTO | N1: CENTRO | O1: COSTA | P1: ESTE | Q1: NORTE | R1: OESTE | S1: SUR | T1: NO DETERMINADO | W1: DISTCODIGOZONA | X1: NITDIST | Y1: NOMBRE DISTRITO ZONA | Z1: NIT DISTRITO NOMBRE ZONA | AA1: CODIGO NOMBRE ZONA | AB1: AREA (KM2) | AC1: POBLACION | AD1: DENSIDAD (HAB./KM2)
A2: ='N TRIBUTARIO'!A155 -> O1 | B2: ='N TRIBUTARIO'!B155 -> 13 | C2: ='N TRIBUTARIO'!C155 -> 05 | D2: ='N TRIBUTARIO'!D155 -> 47 | E2: ='N TRIBUTARIO'!E155 -> 001 | F2: ='N TRIBUTARIO'!F155 -> 6 | G2: ='N TRIBUTARIO'!G155 -> 154 | H2: ='N TRIBUTARIO'!H155 -> 0901 | I2: ='N TRIBUTARIO'!I155 -> 0 | J2: , | K2: ='N TRIBUTARIO'!J155 -> CINQUERA | L2: ='N TRIBUTARIO'!K155 -> OESTE | M2: ='N TRIBUTARIO'!L155 -> CABAÑAS | N2: ='N TRIBUTARIO'!M155 -> 0 | O2: ='N TRIBUTARIO'!N155 -> 0 | P2: ='N TRIBUTARIO'!O155 -> 0 | Q2: ='N TRIBUTARIO'!P155 -> 0 | R2: ='N TRIBUTARIO'!Q155 -> 1 | ... AD2: ='N TRIBUTARIO'!AC155 -> 216.19
A3: ='N TRIBUTARIO'!A156 -> E1 | B3: ='N TRIBUTARIO'!B156 -> 10 | C3: ='N TRIBUTARIO'!C156 -> 02 | D3: ='N TRIBUTARIO'!D156 -> 73 | E3: ='N TRIBUTARIO'!E156 -> 001 | F3: ='N TRIBUTARIO'!F156 -> 0 | G3: ='N TRIBUTARIO'!G156 -> 155 | H3: ='N TRIBUTARIO'!H156 -> 0902 | I3: ='N TRIBUTARIO'!I156 -> 0 | J3: , | K3: ='N TRIBUTARIO'!J156 -> GUACOTECTI | L3: ='N TRIBUTARIO'!K156 -> ESTE | M3: ='N TRIBUTARIO'!L156 -> CABAÑAS | N3: ='N TRIBUTARIO'!M156 -> 0 | O3: ='N TRIBUTARIO'!N156 -> 0 | P3: ='N TRIBUTARIO'!O156 -> 1 | Q3: ='N TRIBUTARIO'!P156 -> 0 | R3: ='N TRIBUTARIO'!Q156 -> 0 | ... AD3: ='N TRIBUTARIO'!AC156 -> 95.1
A4: ='N TRIBUTARIO'!A157 -> 0 | B4: ='N TRIBUTARIO'!B157 -> 06 | C4: ='N TRIBUTARIO'!C157 -> 09 | D4: ='N TRIBUTARIO'!D157 -> 79 | E4: ='N TRIBUTARIO'!E157 -> 001 | F4: ='N TRIBUTARIO'!F157 -> 4 | G4: ='N TRIBUTARIO'!G157 -> 156 | H4: ='N TRIBUTARIO'!H157 -> 0903 | I4: ='N TRIBUTARIO'!I157 -> 0 | J4: , | K4: ='N TRIBUTARIO'!J157 -> ILOBASCO | L4: ='N TRIBUTARIO'!K157 -> OESTE | M4: ='N TRIBUTARIO'!L157 -> CABAÑAS | N4: ='N TRIBUTARIO'!M157 -> 0 | O4: ='N TRIBUTARIO'!N157 -> 0 | P4: ='N TRIBUTARIO'!O157 -> 0 | Q4: ='N TRIBUTARIO'!P157 -> 0 | R4: ='N TRIBUTARIO'!Q157 -> 1 | ... AD4: ='N TRIBUTARIO'!AC157 -> 0
A5: ='N TRIBUTARIO'!A158 -> 0 | B5: ='N TRIBUTARIO'!B158 -> 09 | C5: ='N TRIBUTARIO'!C158 -> 10 | D5: ='N TRIBUTARIO'!D158 -> 79 | E5: ='N TRIBUTARIO'!E158 -> 001 | F5: ='N TRIBUTARIO'!F158 -> 9 | G5: ='N TRIBUTARIO'!G158 -> 157 | H5: ='N TRIBUTARIO'!H158 -> 0904 | I5: ='N TRIBUTARIO'!I158 -> 0 | J5: , | K5: ='N TRIBUTARIO'!J158 -> JUTIAPA | L5: ='N TRIBUTARIO'!K158 -> OESTE | M5: ='N TRIBUTARIO'!L158 -> CABAÑAS | N5: ='N TRIBUTARIO'!M158 -> 0 | O5: ='N TRIBUTARIO'!N158 -> 0 | P5: ='N TRIBUTARIO'!O158 -> 0 | Q5: ='N TRIBUTARIO'!P158 -> 0 | R5: ='N TRIBUTARIO'!Q158 -> 1 | ... AD5: ='N TRIBUTARIO'!AC158 -> 0
A6: ='N TRIBUTARIO'!A159 -> 0 | B6: ='N TRIBUTARIO'!B159 -> 09 | C6: ='N TRIBUTARIO'!C159 -> 10 | D6: ='N TRIBUTARIO'!D159 -> 79 | E6: ='N TRIBUTARIO'!E159 -> 001 | F6: ='N TRIBUTARIO'!F159 -> 9 | G6: ='N TRIBUTARIO'!G159 -> 158 | H6: ='N TRIBUTARIO'!H159 -> 0905 | I6: ='N TRIBUTARIO'!I159 -> 0 | J6: , | K6: ='N TRIBUTARIO'!J159 -> SAN ISIDRO | L6: ='N TRIBUTARIO'!K159 -> ESTE | M6: ='N TRIBUTARIO'!L159 -> CABAÑAS | N6: ='N TRIBUTARIO'!M159 -> 0 | O6: ='N TRIBUTARIO'!N159 -> 0 | P6: ='N TRIBUTARIO'!O159 -> 1 | Q6: ='N TRIBUTARIO'!P159 -> 0 | R6: ='N TRIBUTARIO'!Q159 -> 0 | ... AD6: ='N TRIBUTARIO'!AC159 -> 0
A7: ='N TRIBUTARIO'!A160 -> 0 | B7: ='N TRIBUTARIO'!B160 -> 01 | C7: ='N TRIBUTARIO'!C160 -> 06 | D7: ='N TRIBUTARIO'!D160 -> 11 | E7: ='N TRIBUTARIO'!E160 -> 001 | F7: ='N TRIBUTARIO'!F160 -> 5 | G7: ='N TRIBUTARIO'!G160 -> 159 | H7: ='N TRIBUTARIO'!H160 -> 0906 | I7: ='N TRIBUTARIO'!I160 -> 9 | J7: , | K7: ='N TRIBUTARIO'!J160 -> SENSUNTEPEQUE | L7: ='N TRIBUTARIO'!K160 -> ESTE | M7: ='N TRIBUTARIO'!L160 -> CABAÑAS | N7: ='N TRIBUTARIO'!M160 -> 0 | O7: ='N TRIBUTARIO'!N160 -> 0 | P7: ='N TRIBUTARIO'!O160 -> 1 | Q7: ='N TRIBUTARIO'!P160 -> 0 | R7: ='N TRIBUTARIO'!Q160 -> 0 | ... AD7: ='N TRIBUTARIO'!AC160 -> 0
A8: ='N TRIBUTARIO'!A161 -> 0 | B8: ='N TRIBUTARIO'!B161 -> 09 | C8: ='N TRIBUTARIO'!C161 -> 10 | D8: ='N TRIBUTARIO'!D161 -> 79 | E8: ='N TRIBUTARIO'!E161 -> 001 | F8: ='N TRIBUTARIO'!F161 -> 9 | G8: ='N TRIBUTARIO'!G161 -> 160 | H8: ='N TRIBUTARIO'!H161 -> 0907 | I8: ='N TRIBUTARIO'!I161 -> 0 | J8: , | K8: ='N TRIBUTARIO'!J161 -> TEJUTEPEQUE | L8: ='N TRIBUTARIO'!K161 -> OESTE | M8: ='N TRIBUTARIO'!L161 -> CABAÑAS | N8: ='N TRIBUTARIO'!M161 -> 0 | O8: ='N TRIBUTARIO'!N161 -> 0 | P8: ='N TRIBUTARIO'!O161 -> 0 | Q8: ='N TRIBUTARIO'!P161 -> 0 | R8: ='N TRIBUTARIO'!Q161 -> 1 | ... AD8: ='N TRIBUTARIO'!AC161 -> 0
A9: ='N TRIBUTARIO'!A162 -> 0 | B9: ='N TRIBUTARIO'!B162 -> 09 | C9: ='N TRIBUTARIO'!C162 -> 10 | D9: ='N TRIBUTARIO'!D162 -> 79 | E9: ='N TRIBUTARIO'!E162 -> 001 | F9: ='N TRIBUTARIO'!F162 -> 9 | G9: ='N TRIBUTARIO'!G162 -> 161 | H9: ='N TRIBUTARIO'!H162 -> 0908 | I9: ='N TRIBUTARIO'!I162 -> 0 | J9: , | K9: ='N TRIBUTARIO'!J162 -> VICTORIA | L9: ='N TRIBUTARIO'!K162 -> ESTE | M9: ='N TRIBUTARIO'!L162 -> CABAÑAS | N9: ='N TRIBUTARIO'!M162 -> 0 | O9: ='N TRIBUTARIO'!N162 -> 0 | P9: ='N TRIBUTARIO'!O162 -> 1 | Q9: ='N TRIBUTARIO'!P162 -> 0 | R9: ='N TRIBUTARIO'!Q162 -> 0 | ... AD9: ='N TRIBUTARIO'!AC162 -> 0
A10: ='N TRIBUTARIO'!A163 -> 0 | B10: ='N TRIBUTARIO'!B163 -> 09 | C10: ='N TRIBUTARIO'!C163 -> 10 | D10: ='N TRIBUTARIO'!D163 -> 79 | E10: ='N TRIBUTARIO'!E163 -> 001 | F10: ='N TRIBUTARIO'!F163 -> 9 | G10: ='N TRIBUTARIO'!G163 -> 162 | H10: ='N TRIBUTARIO'!H163 -> 0909 | I10: ='N TRIBUTARIO'!I163 -> 0 | J10: , | K10: ='N TRIBUTARIO'!J163 -> DOLORES | L10: ='N TRIBUTARIO'!K163 -> ESTE | M10: ='N TRIBUTARIO'!L163 -> CABAÑAS | N10: ='N TRIBUTARIO'!M163 -> 0 | O10: ='N TRIBUTARIO'!N163 -> 0 | P10: ='N TRIBUTARIO'!O163 -> 1 | Q10: ='N TRIBUTARIO'!P163 -> 0 | R10: ='N TRIBUTARIO'!Q163 -> 0 | ... AD10: ='N TRIBUTARIO'!AC163 -> 0
N11: =SUM(N2:N10) -> 0 | O11: =SUM(O2:O10) -> 0 | P11: =SUM(P2:P10) -> 5 | Q11: =SUM(Q2:Q10) -> 0 | R11: =SUM(R2:R10) -> 4 | S11: =SUM(S2:S10) -> 0 | T11: =SUM(T2:T10) -> 0
J13: =P1 -> ESTE | K13: =CONCATENATE(K3,J3,K6,J6,K7,J7,K9,J9,K10) -> GUACOTECTI, SAN ISIDRO, SENSUNTEPEQUE, VICTORIA, DOLORES
J14: =R1 -> OESTE | K14: =CONCATENATE(K2,J2,K4,J4,K5,J5,K8) -> CINQUERA, ILOBASCO, JUTIAPA, TEJUTEPEQUE

Sheet 10 sv
A1: CODIZONAL | B1: DIA | C1: MES | D1: AÑO | E1: SERIE | F1: CODIGO | G1: NUMERO | H1: CORRELATIVO | I1: # DE DEPARTAMENTO | K1: NOMBRE DE DISTRITO | L1: ZONA | M1: NOMBRE DEPARTAMENTO | N1: CENTRO | O1: COSTA | P1: ESTE | Q1: NORTE | R1: OESTE | S1: SUR | T1: NO DETERMINADO | W1: DISTCODIGOZONA | X1: NITDIST | Y1: NOMBRE DISTRITO ZONA | Z1: NIT DISTRITO NOMBRE ZONA | AA1: CODIGO NOMBRE ZONA | AB1: AREA (KM2) | AC1: POBLACION | AD1: DENSIDAD (HAB./KM2)
A2: ='N TRIBUTARIO'!A164 -> N1 | B2: ='N TRIBUTARIO'!B164 -> 10 | C2: ='N TRIBUTARIO'!C164 -> 10 | D2: ='N TRIBUTARIO'!D164 -> 79 | E2: ='N TRIBUTARIO'!E164 -> 001 | F2: ='N TRIBUTARIO'!F164 -> 0 | G2: ='N TRIBUTARIO'!G164 -> 163 | H2: ='N TRIBUTARIO'!H164 -> 1001 | I2: ='N TRIBUTARIO'!I164 -> 0 | J2: , | K2: ='N TRIBUTARIO'!J164 -> APASTEPEQUE | L2: ='N TRIBUTARIO'!K164 -> NORTE | M2: ='N TRIBUTARIO'!L164 -> SAN VICENTE | N2: ='N TRIBUTARIO'!M164 -> 0 | O2: ='N TRIBUTARIO'!N164 -> 0 | P2: ='N TRIBUTARIO'!O164 -> 0 | Q2: ='N TRIBUTARIO'!P164 -> 1 | R2: ='N TRIBUTARIO'!Q164 -> 0 | ... AD2: ='N TRIBUTARIO'!AC164 -> 126.17
A3: ='N TRIBUTARIO'!A165 -> 0 | B3: ='N TRIBUTARIO'!B165 -> 10 | C3: ='N TRIBUTARIO'!C165 -> 10 | D3: ='N TRIBUTARIO'!D165 -> 79 | E3: ='N TRIBUTARIO'!E165 -> 001 | F3: ='N TRIBUTARIO'!F165 -> 0 | G3: ='N TRIBUTARIO'!G165 -> 164 | H3: ='N TRIBUTARIO'!H165 -> 1002 | I3: ='N TRIBUTARIO'!I165 -> 0 | J3: , | K3: ='N TRIBUTARIO'!J165 -> GUADALUPE | L3: ='N TRIBUTARIO'!K165 -> SUR | M3: ='N TRIBUTARIO'!L165 -> SAN VICENTE | N3: ='N TRIBUTARIO'!M165 -> 0 | O3: ='N TRIBUTARIO'!N165 -> 0 | P3: ='N TRIBUTARIO'!O165 -> 0 | Q3: ='N TRIBUTARIO'!P165 -> 0 | R3: ='N TRIBUTARIO'!Q165 -> 0 | ... AD3: ='N TRIBUTARIO'!AC165 -> 0
A4: ='N TRIBUTARIO'!A166 -> 0 | B4: ='N TRIBUTARIO'!B166 -> 10 | C4: ='N TRIBUTARIO'!C166 -> 10 | D4: ='N TRIBUTARIO'!D166 -> 79 | E4: ='N TRIBUTARIO'!E166 -> 001 | F4: ='N TRIBUTARIO'!F166 -> 0 | G4: ='N TRIBUTARIO'!G166 -> 165 | H4: ='N TRIBUTARIO'!H166 -> 1003 | I4: ='N TRIBUTARIO'!I166 -> 0 | J4: , | K4: ='N TRIBUTARIO'!J166 -> SAN CAYETANO ISTEPEQUE | L4: ='N TRIBUTARIO'!K166 -> SUR | M4: ='N TRIBUTARIO'!L166 -> SAN VICENTE | N4: ='N TRIBUTARIO'!M166 -> 0 | O4: ='N TRIBUTARIO'!N166 -> 0 | P4: ='N TRIBUTARIO'!O166 -> 0 | Q4: ='N TRIBUTARIO'!P166 -> 0 | R4: ='N TRIBUTARIO'!Q166 -> 0 | ... AD4: ='N TRIBUTARIO'!AC166 -> 0
A5: ='N TRIBUTARIO'!A167 -> 0 | B5: ='N TRIBUTARIO'!B167 -> 10 | C5: ='N TRIBUTARIO'!C167 -> 10 | D5: ='N TRIBUTARIO'!D167 -> 79 | E5: ='N TRIBUTARIO'!E167 -> 001 | F5: ='N TRIBUTARIO'!F167 -> 0 | G5: ='N TRIBUTARIO'!G167 -> 166 | H5: ='N TRIBUTARIO'!H167 -> 1004 | I5: ='N TRIBUTARIO'!I167 -> 0 | J5: , | K5: ='N TRIBUTARIO'!J167 -> SANTA CLARA | L5: ='N TRIBUTARIO'!K167 -> NORTE | M5: ='N TRIBUTARIO'!L167 -> SAN VICENTE | N5: ='N TRIBUTARIO'!M167 -> 0 | O5: ='N TRIBUTARIO'!N167 -> 0 | P5: ='N TRIBUTARIO'!O167 -> 0 | Q5: ='N TRIBUTARIO'!P167 -> 1 | R5: ='N TRIBUTARIO'!Q167 -> 0 | ... AD5: ='N TRIBUTARIO'!AC167 -> 0
A6: ='N TRIBUTARIO'!A168 -> 0 | B6: ='N TRIBUTARIO'!B168 -> 10 | C6: ='N TRIBUTARIO'!C168 -> 10 | D6: ='N TRIBUTARIO'!D168 -> 79 | E6: ='N TRIBUTARIO'!E168 -> 001 | F6: ='N TRIBUTARIO'!F168 -> 0 | G6: ='N TRIBUTARIO'!G168 -> 167 | H6: ='N TRIBUTARIO'!H168 -> 1005 | I6: ='N TRIBUTARIO'!I168 -> 0 | J6: , | K6: ='N TRIBUTARIO'!J168 -> SANTO DOMINGO | L6: ='N TRIBUTARIO'!K168 -> NORTE | M6: ='N TRIBUTARIO'!L168 -> SAN VICENTE | N6: ='N TRIBUTARIO'!M168 -> 0 | O6: ='N TRIBUTARIO'!N168 -> 0 | P6: ='N TRIBUTARIO'!O168 -> 0 | Q6: ='N TRIBUTARIO'!P168 -> 1 | R6: ='N TRIBUTARIO'!Q168 -> 0 | ... AD6: ='N TRIBUTARIO'!AC168 -> 0
A7: ='N TRIBUTARIO'!A169 -> 0 | B7: ='N TRIBUTARIO'!B169 -> 10 | C7: ='N TRIBUTARIO'!C169 -> 10 | D7: ='N TRIBUTARIO'!D169 -> 79 | E7: ='N TRIBUTARIO'!E169 -> 001 | F7: ='N TRIBUTARIO'!F169 -> 0 | G7: ='N TRIBUTARIO'!G169 -> 168 | H7: ='N TRIBUTARIO'!H169 -> 1006 | I7: ='N TRIBUTARIO'!I169 -> 0 | J7: , | K7: ='N TRIBUTARIO'!J169 -> SAN ESTEBAN CATARINA | L7: ='N TRIBUTARIO'!K169 -> NORTE | M7: ='N TRIBUTARIO'!L169 -> SAN VICENTE | N7: ='N TRIBUTARIO'!M169 -> 0 | O7: ='N TRIBUTARIO'!N169 -> 0 | P7: ='N TRIBUTARIO'!O169 -> 0 | Q7: ='N TRIBUTARIO'!P169 -> 1 | R7: ='N TRIBUTARIO'!Q169 -> 0 | ... AD7: ='N TRIBUTARIO'!AC169 -> 0
A8: ='N TRIBUTARIO'!A170 -> 0 | B8: ='N TRIBUTARIO'!B170 -> 10 | C8: ='N TRIBUTARIO'!C170 -> 10 | D8: ='N TRIBUTARIO'!D170 -> 79 | E8: ='N TRIBUTARIO'!E170 -> 001 | F8: ='N TRIBUTARIO'!F170 -> 0 | G8: ='N TRIBUTARIO'!G170 -> 169 | H8: ='N TRIBUTARIO'!H170 -> 1007 | I8: ='N TRIBUTARIO'!I170 -> 0 | J8: , | K8: ='N TRIBUTARIO'!J170 -> SAN ILDEFONSO | L8: ='N TRIBUTARIO'!K170 -> NORTE | M8: ='N TRIBUTARIO'!L170 -> SAN VICENTE | N8: ='N TRIBUTARIO'!M170 -> 0 | O8: ='N TRIBUTARIO'!N170 -> 0 | P8: ='N TRIBUTARIO'!O170 -> 0 | Q8: ='N TRIBUTARIO'!P170 -> 1 | R8: ='N TRIBUTARIO'!Q170 -> 0 | ... AD8: ='N TRIBUTARIO'!AC170 -> 0
A9: ='N TRIBUTARIO'!A171 -> 0 | B9: ='N TRIBUTARIO'!B171 -> 10 | C9: ='N TRIBUTARIO'!C171 -> 10 | D9: ='N TRIBUTARIO'!D171 -> 79 | E9: ='N TRIBUTARIO'!E171 -> 001 | F9: ='N TRIBUTARIO'!F171 -> 0 | G9: ='N TRIBUTARIO'!G171 -> 170 | H9: ='N TRIBUTARIO'!H171 -> 1008 | I9: ='N TRIBUTARIO'!I171 -> 0 | J9: , | K9: ='N TRIBUTARIO'!J171 -> SAN LORENZO | L9: ='N TRIBUTARIO'!K171 -> NORTE | M9: ='N TRIBUTARIO'!L171 -> SAN VICENTE | N9: ='N TRIBUTARIO'!M171 -> 0 | O9: ='N TRIBUTARIO'!N171 -> 0 | P9: ='N TRIBUTARIO'!O171 -> 0 | Q9: ='N TRIBUTARIO'!P171 -> 1 | R9: ='N TRIBUTARIO'!Q171 -> 0 | ... AD9: ='N TRIBUTARIO'!AC171 -> 0
A10: ='N TRIBUTARIO'!A172 -> 0 | B10: ='N TRIBUTARIO'!B172 -> 10 | C10: ='N TRIBUTARIO'!C172 -> 10 | D10: ='N TRIBUTARIO'!D172 -> 79 | E10: ='N TRIBUTARIO'!E172 -> 001 | F10: ='N TRIBUTARIO'!F172 -> 0 | G10: ='N TRIBUTARIO'!G172 -> 171 | H10: ='N TRIBUTARIO'!H172 -> 1009 | I10: ='N TRIBUTARIO'!I172 -> 0 | J10: , | K10: ='N TRIBUTARIO'!J172 -> SAN SEBASTIAN | L10: ='N TRIBUTARIO'!K172 -> NORTE | M10: ='N TRIBUTARIO'!L172 -> SAN VICENTE | N10: ='N TRIBUTARIO'!M172 -> 0 | O10: ='N TRIBUTARIO'!N172 -> 0 | P10: ='N TRIBUTARIO'!O172 -> 0 | Q10: ='N TRIBUTARIO'!P172 -> 1 | R10: ='N TRIBUTARIO'!Q172 -> 0 | ... AD10: ='N TRIBUTARIO'!AC172 -> 0
A11: ='N TRIBUTARIO'!A173 -> S1 | B11: ='N TRIBUTARIO'!B173 -> 01 | C11: ='N TRIBUTARIO'!C173 -> 06 | D11: ='N TRIBUTARIO'!D173 -> 11 | E11: ='N TRIBUTARIO'!E173 -> 001 | F11: ='N TRIBUTARIO'!F173 -> 2 | G11: ='N TRIBUTARIO'!G173 -> 172 | H11: ='N TRIBUTARIO'!H173 -> 1010 | I11: ='N TRIBUTARIO'!I173 -> 10 | J11: , | K11: ='N TRIBUTARIO'!J173 -> SAN VICENTE | L11: ='N TRIBUTARIO'!K173 -> SUR | M11: ='N TRIBUTARIO'!L173 -> SAN VICENTE | N11: ='N TRIBUTARIO'!M173 -> 0 | O11: ='N TRIBUTARIO'!N173 -> 0 | P11: ='N TRIBUTARIO'!O173 -> 0 | Q11: ='N TRIBUTARIO'!P173 -> 0 | R11: ='N TRIBUTARIO'!Q173 -> 0 | ... AD11: ='N TRIBUTARIO'!AC173 -> 159.18
A12: ='N TRIBUTARIO'!A174 -> 0 | B12: ='N TRIBUTARIO'!B174 -> 10 | C12: ='N TRIBUTARIO'!C174 -> 10 | D12: ='N TRIBUTARIO'!D174 -> 79 | E12: ='N TRIBUTARIO'!E174 -> 001 | F12: ='N TRIBUTARIO'!F174 -> 1 | G12: ='N TRIBUTARIO'!G174 -> 173 | H12: ='N TRIBUTARIO'!H174 -> 1011 | I12: ='N TRIBUTARIO'!I174 -> 0 | J12: , | K12: ='N TRIBUTARIO'!J174 -> TECOLUCA | L12: ='N TRIBUTARIO'!K174 -> SUR | M12: ='N TRIBUTARIO'!L174 -> SAN VICENTE | N12: ='N TRIBUTARIO'!M174 -> 0 | O12: ='N TRIBUTARIO'!N174 -> 0 | P12: ='N TRIBUTARIO'!O174 -> 0 | Q12: ='N TRIBUTARIO'!P174 -> 0 | R12: ='N TRIBUTARIO'!Q174 -> 0 | ... AD12: ='N TRIBUTARIO'!AC174 -> 0
A13: ='N TRIBUTARIO'!A175 -> 0 | B13: ='N TRIBUTARIO'!B175 -> 10 | C13: ='N TRIBUTARIO'!C175 -> 10 | D13: ='N TRIBUTARIO'!D175 -> 79 | E13: ='N TRIBUTARIO'!E175 -> 001 | F13: ='N TRIBUTARIO'!F175 -> 1 | G13: ='N TRIBUTARIO'!G175 -> 174 | H13: ='N TRIBUTARIO'!H175 -> 1012 | I13: ='N TRIBUTARIO'!I175 -> 0 | J13: , | K13: ='N TRIBUTARIO'!J175 -> TEPETITAN | L13: ='N TRIBUTARIO'!K175 -> SUR | M13: ='N TRIBUTARIO'!L175 -> SAN VICENTE | N13: ='N TRIBUTARIO'!M175 -> 0 | O13: ='N TRIBUTARIO'!N175 -> 0 | P13: ='N TRIBUTARIO'!O175 -> 0 | Q13: ='N TRIBUTARIO'!P175 -> 0 | R13: ='N TRIBUTARIO'!Q175 -> 0 | ... AD13: ='N TRIBUTARIO'!AC175 -> 0
A14: ='N TRIBUTARIO'!A176 -> 0 | B14: ='N TRIBUTARIO'!B176 -> 10 | C14: ='N TRIBUTARIO'!C176 -> 10 | D14: ='N TRIBUTARIO'!D176 -> 79 | E14: ='N TRIBUTARIO'!E176 -> 001 | F14: ='N TRIBUTARIO'!F176 -> 1 | G14: ='N TRIBUTARIO'!G176 -> 175 | H14: ='N TRIBUTARIO'!H176 -> 1013 | I14: ='N TRIBUTARIO'!I176 -> 0 | J14: , | K14: ='N TRIBUTARIO'!J176 -> VERAPAZ | L14: ='N TRIBUTARIO'!K176 -> SUR | M14: ='N TRIBUTARIO'!L176 -> SAN VICENTE | N14: ='N TRIBUTARIO'!M176 -> 0 | O14: ='N TRIBUTARIO'!N176 -> 0 | P14: ='N TRIBUTARIO'!O176 -> 0 | Q14: ='N TRIBUTARIO'!P176 -> 0 | R14: ='N TRIBUTARIO'!Q176 -> 0 | ... AD14: ='N TRIBUTARIO'!AC176 -> 0
N15: =SUM(N2:N14) -> 0 | O15: =SUM(O2:O14) -> 0 | P15: =SUM(P2:P14) -> 0 | Q15: =SUM(Q2:Q14) -> 7 | R15: =SUM(R2:R14) -> 0 | S15: =SUM(S2:S14) -> 6 | T15: =SUM(T2:T14) -> 0
J16: =Q1 -> NORTE | K16: =CONCATENATE(K2,J2,K5,J5,K6,J6,K7,J7,K8,J8,K9,J9,K10) -> APASTEPEQUE, SANTA CLARA, SANTO DOMINGO, SAN ESTEBAN CATARINA, SAN ILDEFONSO, SAN LORENZO, SAN SEBASTIAN
J17: =S1 -> SUR | K17: =CONCATENATE(K3,J3,K4,J4,K11,J11,K12,J12,K13,J13,K14) -> GUADALUPE, SAN CAYETANO ISTEPEQUE, SAN VICENTE, TECOLUCA, TEPETITAN, VERAPAZ

Sheet 11 usu
A1: CODIZONAL | B1: DIA | C1: MES | D1: AÑO | E1: SERIE | F1: CODIGO | G1: NUMERO | H1: CORRELATIVO | I1: # DE DEPARTAMENTO | K1: NOMBRE DE DISTRITO | L1: ZONA | M1: NOMBRE DEPARTAMENTO | N1: CENTRO | O1: COSTA | P1: ESTE | Q1: NORTE | R1: OESTE | S1: SUR | T1: NO DETERMINADO | W1: DISTCODIGOZONA | X1: NITDIST | Y1: NOMBRE DISTRITO ZONA | Z1: NIT DISTRITO NOMBRE ZONA | AA1: CODIGO NOMBRE ZONA | AB1: AREA (KM2) | AC1: POBLACION | AD1: DENSIDAD (HAB./KM2)
A2: ='N TRIBUTARIO'!A177 -> N1 | B2: ='N TRIBUTARIO'!B177 -> 11 | C2: ='N TRIBUTARIO'!C177 -> 10 | D2: ='N TRIBUTARIO'!D177 -> 79 | E2: ='N TRIBUTARIO'!E177 -> 001 | F2: ='N TRIBUTARIO'!F177 -> 0 | G2: ='N TRIBUTARIO'!G177 -> 176 | H2: ='N TRIBUTARIO'!H177 -> 1101 | I2: ='N TRIBUTARIO'!I177 -> 0 | J2: , | K2: ='N TRIBUTARIO'!J177 -> ALEGRIA | L2: ='N TRIBUTARIO'!K177 -> NORTE | M2: ='N TRIBUTARIO'!L177 -> USULUTAN | N2: ='N TRIBUTARIO'!M177 -> 0 | O2: ='N TRIBUTARIO'!N177 -> 0 | P2: ='N TRIBUTARIO'!O177 -> 0 | Q2: ='N TRIBUTARIO'!P177 -> 1 | R2: ='N TRIBUTARIO'!Q177 -> 0 | ... AD2: ='N TRIBUTARIO'!AC177 -> 198.24
A3: ='N TRIBUTARIO'!A178 -> 0 | B3: ='N TRIBUTARIO'!B178 -> 03 | C3: ='N TRIBUTARIO'!C178 -> 04 | D3: ='N TRIBUTARIO'!D178 -> 78 | E3: ='N TRIBUTARIO'!E178 -> 001 | F3: ='N TRIBUTARIO'!F178 -> 1 | G3: ='N TRIBUTARIO'!G178 -> 177 | H3: ='N TRIBUTARIO'!H178 -> 1102 | I3: ='N TRIBUTARIO'!I178 -> 0 | J3: , | K3: ='N TRIBUTARIO'!J178 -> BERLIN | L3: ='N TRIBUTARIO'!K178 -> NORTE | M3: ='N TRIBUTARIO'!L178 -> USULUTAN | N3: ='N TRIBUTARIO'!M178 -> 0 | O3: ='N TRIBUTARIO'!N178 -> 0 | P3: ='N TRIBUTARIO'!O178 -> 0 | Q3: ='N TRIBUTARIO'!P178 -> 1 | R3: ='N TRIBUTARIO'!Q178 -> 0 | ... AD3: ='N TRIBUTARIO'!AC178 -> 0
A4: ='N TRIBUTARIO'!A179 -> E1 | B4: ='N TRIBUTARIO'!B179 -> 11 | C4: ='N TRIBUTARIO'!C179 -> 10 | D4: ='N TRIBUTARIO'!D179 -> 79 | E4: ='N TRIBUTARIO'!E179 -> 001 | F4: ='N TRIBUTARIO'!F179 -> 0 | G4: ='N TRIBUTARIO'!G179 -> 178 | H4: ='N TRIBUTARIO'!H179 -> 1103 | I4: ='N TRIBUTARIO'!I179 -> 0 | J4: , | K4: ='N TRIBUTARIO'!J179 -> CALIFORNIA | L4: ='N TRIBUTARIO'!K179 -> ESTE | M4: ='N TRIBUTARIO'!L179 -> USULUTAN | N4: ='N TRIBUTARIO'!M179 -> 0 | O4: ='N TRIBUTARIO'!N179 -> 0 | P4: ='N TRIBUTARIO'!O179 -> 1 | Q4: ='N TRIBUTARIO'!P179 -> 0 | R4: ='N TRIBUTARIO'!Q179 -> 0 | ... AD4: ='N TRIBUTARIO'!AC179 -> 193.17
A5: ='N TRIBUTARIO'!A180 -> 0 | B5: ='N TRIBUTARIO'!B180 -> 11 | C5: ='N TRIBUTARIO'!C180 -> 10 | D5: ='N TRIBUTARIO'!D180 -> 79 | E5: ='N TRIBUTARIO'!E180 -> 001 | F5: ='N TRIBUTARIO'!F180 -> 0 | G5: ='N TRIBUTARIO'!G180 -> 179 | H5: ='N TRIBUTARIO'!H180 -> 1104 | I5: ='N TRIBUTARIO'!I180 -> 0 | J5: , | K5: ='N TRIBUTARIO'!J180 -> CONCEPCION BATRES | L5: ='N TRIBUTARIO'!K180 -> ESTE | M5: ='N TRIBUTARIO'!L180 -> USULUTAN | N5: ='N TRIBUTARIO'!M180 -> 0 | O5: ='N TRIBUTARIO'!N180 -> 0 | P5: ='N TRIBUTARIO'!O180 -> 1 | Q5: ='N TRIBUTARIO'!P180 -> 0 | R5: ='N TRIBUTARIO'!Q180 -> 0 | ... AD5: ='N TRIBUTARIO'!AC180 -> 0
A6: ='N TRIBUTARIO'!A181 -> 0 | B6: ='N TRIBUTARIO'!B181 -> 11 | C6: ='N TRIBUTARIO'!C181 -> 10 | D6: ='N TRIBUTARIO'!D181 -> 79 | E6: ='N TRIBUTARIO'!E181 -> 001 | F6: ='N TRIBUTARIO'!F181 -> 0 | G6: ='N TRIBUTARIO'!G181 -> 180 | H6: ='N TRIBUTARIO'!H181 -> 1105 | I6: ='N TRIBUTARIO'!I181 -> 0 | J6: , | K6: ='N TRIBUTARIO'!J181 -> EL TRIUNFO | L6: ='N TRIBUTARIO'!K181 -> NORTE | M6: ='N TRIBUTARIO'!L181 -> USULUTAN | N6: ='N TRIBUTARIO'!M181 -> 0 | O6: ='N TRIBUTARIO'!N181 -> 0 | P6: ='N TRIBUTARIO'!O181 -> 0 | Q6: ='N TRIBUTARIO'!P181 -> 1 | R6: ='N TRIBUTARIO'!Q181 -> 0 | ... AD6: ='N TRIBUTARIO'!AC181 -> 0
A7: ='N TRIBUTARIO'!A182 -> 0 | B7: ='N TRIBUTARIO'!B182 -> 11 | C7: ='N TRIBUTARIO'!C182 -> 10 | D7: ='N TRIBUTARIO'!D182 -> 79 | E7: ='N TRIBUTARIO'!E182 -> 001 | F7: ='N TRIBUTARIO'!F182 -> 0 | G7: ='N TRIBUTARIO'!G182 -> 181 | H7: ='N TRIBUTARIO'!H182 -> 1106 | I7: ='N TRIBUTARIO'!I182 -> 0 | J7: , | K7: ='N TRIBUTARIO'!J182 -> EREGUAYQUIN | L7: ='N TRIBUTARIO'!K182 -> ESTE | M7: ='N TRIBUTARIO'!L182 -> USULUTAN | N7: ='N TRIBUTARIO'!M182 -> 0 | O7: ='N TRIBUTARIO'!N182 -> 0 | P7: ='N TRIBUTARIO'!O182 -> 1 | Q7: ='N TRIBUTARIO'!P182 -> 0 | R7: ='N TRIBUTARIO'!Q182 -> 0 | ... AD7: ='N TRIBUTARIO'!AC182 -> 0
A8: ='N TRIBUTARIO'!A183 -> 0 | B8: ='N TRIBUTARIO'!B183 -> 11 | C8: ='N TRIBUTARIO'!C183 -> 10 | D8: ='N TRIBUTARIO'!D183 -> 79 | E8: ='N TRIBUTARIO'!E183 -> 001 | F8: ='N TRIBUTARIO'!F183 -> 0 | G8: ='N TRIBUTARIO'!G183 -> 182 | H8: ='N TRIBUTARIO'!H183 -> 1107 | I8: ='N TRIBUTARIO'!I183 -> 0 | J8: , | K8: ='N TRIBUTARIO'!J183 -> ESTANZUELAS | L8: ='N TRIBUTARIO'!K183 -> NORTE | M8: ='N TRIBUTARIO'!L183 -> USULUTAN | N8: ='N TRIBUTARIO'!M183 -> 0 | O8: ='N TRIBUTARIO'!N183 -> 0 | P8: ='N TRIBUTARIO'!O183 -> 0 | Q8: ='N TRIBUTARIO'!P183 -> 1 | R8: ='N TRIBUTARIO'!Q183 -> 0 | ... AD8: ='N TRIBUTARIO'!AC183 -> 0
A9: ='N TRIBUTARIO'!A184 -> O1 | B9: ='N TRIBUTARIO'!B184 -> 11 | C9: ='N TRIBUTARIO'!C184 -> 10 | D9: ='N TRIBUTARIO'!D184 -> 79 | E9: ='N TRIBUTARIO'!E184 -> 001 | F9: ='N TRIBUTARIO'!F184 -> 0 | G9: ='N TRIBUTARIO'!G184 -> 183 | H9: ='N TRIBUTARIO'!H184 -> 1108 | I9: ='N TRIBUTARIO'!I184 -> 0 | J9: , | K9: ='N TRIBUTARIO'!J184 -> JIQUILISCO | L9: ='N TRIBUTARIO'!K184 -> OESTE | M9: ='N TRIBUTARIO'!L184 -> USULUTAN | N9: ='N TRIBUTARIO'!M184 -> 0 | O9: ='N TRIBUTARIO'!N184 -> 0 | P9: ='N TRIBUTARIO'!O184 -> 0 | Q9: ='N TRIBUTARIO'!P184 -> 0 | R9: ='N TRIBUTARIO'!Q184 -> 1 | ... AD9: ='N TRIBUTARIO'!AC184 -> 106.11
A10: ='N TRIBUTARIO'!A185 -> 0 | B10: ='N TRIBUTARIO'!B185 -> 11 | C10: ='N TRIBUTARIO'!C185 -> 10 | D10: ='N TRIBUTARIO'!D185 -> 79 | E10: ='N TRIBUTARIO'!E185 -> 001 | F10: ='N TRIBUTARIO'!F185 -> 0 | G10: ='N TRIBUTARIO'!G185 -> 184 | H10: ='N TRIBUTARIO'!H185 -> 1109 | I10: ='N TRIBUTARIO'!I185 -> 0 | J10: , | K10: ='N TRIBUTARIO'!J185 -> JUCUAPA | L10: ='N TRIBUTARIO'!K185 -> NORTE | M10: ='N TRIBUTARIO'!L185 -> USULUTAN | N10: ='N TRIBUTARIO'!M185 -> 0 | O10: ='N TRIBUTARIO'!N185 -> 0 | P10: ='N TRIBUTARIO'!O185 -> 0 | Q10: ='N TRIBUTARIO'!P185 -> 1 | R10: ='N TRIBUTARIO'!Q185 -> 0 | ... AD10: ='N TRIBUTARIO'!AC185 -> 0
A11: ='N TRIBUTARIO'!A186 -> 0 | B11: ='N TRIBUTARIO'!B186 -> 11 | C11: ='N TRIBUTARIO'!C186 -> 10 | D11: ='N TRIBUTARIO'!D186 -> 79 | E11: ='N TRIBUTARIO'!E186 -> 001 | F11: ='N TRIBUTARIO'!F186 -> 1 | G11: ='N TRIBUTARIO'!G186 -> 185 | H11: ='N TRIBUTARIO'!H186 -> 1110 | I11: ='N TRIBUTARIO'!I186 -> 0 | J11: , | K11: ='N TRIBUTARIO'!J186 -> JUCUARAN | L11: ='N TRIBUTARIO'!K186 -> ESTE | M11: ='N TRIBUTARIO'!L186 -> USULUTAN | N11: ='N TRIBUTARIO'!M186 -> 0 | O11: ='N TRIBUTARIO'!N186 -> 0 | P11: ='N TRIBUTARIO'!O186 -> 1 | Q11: ='N TRIBUTARIO'!P186 -> 0 | R11: ='N TRIBUTARIO'!Q186 -> 0 | ... AD11: ='N TRIBUTARIO'!AC186 -> 0
A12: ='N TRIBUTARIO'!A187 -> 0 | B12: ='N TRIBUTARIO'!B187 -> 11 | C12: ='N TRIBUTARIO'!C187 -> 10 | D12: ='N TRIBUTARIO'!D187 -> 79 | E12: ='N TRIBUTARIO'!E187 -> 001 | F12: ='N TRIBUTARIO'!F187 -> 1 | G12: ='N TRIBUTARIO'!G187 -> 186 | H12: ='N TRIBUTARIO'!H187 -> 1111 | I12: ='N TRIBUTARIO'!I187 -> 0 | J12: , | K12: ='N TRIBUTARIO'!J187 -> MERCEDES UMAÑA | L12: ='N TRIBUTARIO'!K187 -> NORTE | M12: ='N TRIBUTARIO'!L187 -> USULUTAN | N12: ='N TRIBUTARIO'!M187 -> 0 | O12: ='N TRIBUTARIO'!N187 -> 0 | P12: ='N TRIBUTARIO'!O187 -> 0 | Q12: ='N TRIBUTARIO'!P187 -> 1 | R12: ='N TRIBUTARIO'!Q187 -> 0 | ... AD12: ='N TRIBUTARIO'!AC187 -> 0
A13: ='N TRIBUTARIO'!A188 -> 0 | B13: ='N TRIBUTARIO'!B188 -> 11 | C13: ='N TRIBUTARIO'!C188 -> 10 | D13: ='N TRIBUTARIO'!D188 -> 79 | E13: ='N TRIBUTARIO'!E188 -> 001 | F13: ='N TRIBUTARIO'!F188 -> 1 | G13: ='N TRIBUTARIO'!G188 -> 187 | H13: ='N TRIBUTARIO'!H188 -> 1112 | I13: ='N TRIBUTARIO'!I188 -> 0 | J13: , | K13: ='N TRIBUTARIO'!J188 -> NUEVA GRANADA | L13: ='N TRIBUTARIO'!K188 -> NORTE | M13: ='N TRIBUTARIO'!L188 -> USULUTAN | N13: ='N TRIBUTARIO'!M188 -> 0 | O13: ='N TRIBUTARIO'!N188 -> 0 | P13: ='N TRIBUTARIO'!O188 -> 0 | Q13: ='N TRIBUTARIO'!P188 -> 1 | R13: ='N TRIBUTARIO'!Q188 -> 0 | ... AD13: ='N TRIBUTARIO'!AC188 -> 0
... A24: ='N TRIBUTARIO'!A199 -> 0 | B24: ='N TRIBUTARIO'!B199 -> 01 | C24: ='N TRIBUTARIO'!C199 -> 06 | D24: ='N TRIBUTARIO'!D199 -> 11 | E24: ='N TRIBUTARIO'!E199 -> 002 | F24: ='N TRIBUTARIO'!F199 -> 7 | G24: ='N TRIBUTARIO'!G199 -> 198 | H24: ='N TRIBUTARIO'!H199 -> 1123 | I24: ='N TRIBUTARIO'!I199 -> 11 | J24: , | K24: ='N TRIBUTARIO'!J199 -> USULUTAN | L24: ='N TRIBUTARIO'!K199 -> ESTE | M24: ='N TRIBUTARIO'!L199 -> USULUTAN | N24: ='N TRIBUTARIO'!M199 -> 0 | O24: ='N TRIBUTARIO'!N199 -> 0 | P24: ='N TRIBUTARIO'!O199 -> 1 | Q24: ='N TRIBUTARIO'!P199 -> 0 | R24: ='N TRIBUTARIO'!Q199 -> 0 | ... AD24: ='N TRIBUTARIO'!AC199 -> 0
N25: =SUM(N2:N24) -> 0 | O25: =SUM(O2:O24) -> 0 | P25: =SUM(P2:P24) -> 10 | Q25: =SUM(Q2:Q24) -> 9 | R25: =SUM(R2:R24) -> 4 | S25: =SUM(S2:S24) -> 0
J26: =P1 -> ESTE | K26: =CONCATENATE(K4,J4,K5,J5,K7,J7,K11,J11,K14,J14,K18,J18,K19,J19,K21,J21,K23,J23,K24) -> CALIFORNIA, CONCEPCION BATRES, EREGUAYQUIN, JUCUARAN, OZATLAN, SAN DIONISIO, SANTA ELENA, SANTA MARIA, TECAPAN, USULUTAN
J27: =Q1 -> NORTE | K27: =CONCATENATE(K2,J2,K3,J3,K6,J6,K8,J8,K10,J10,K12,J12,K13,J13,K17,J17,K22) -> ALEGRIA, BERLIN, EL TRIUNFO, ESTANZUELAS, JUCUAPA, MERCEDES UMAÑA, NUEVA GRANADA, SAN BUENAVENTURA, SANTIAGO DE MARIA
J28: =R1 -> OESTE | K28: =CONCATENATE(K9,J9,K15,J15,K16,J16,K20) -> JIQUILISCO, PUERTO EL TRIUNFO, SAN AGUSTIN, SAN FRANCISCO JAVIER

Sheet 12 sm
A1: CODIZONAL | B1: DIA | C1: MES | D1: AÑO | E1: SERIE | F1: CODIGO | G1: NUMERO | H1: CORRELATIVO | I1: # DE DEPARTAMENTO | K1: NOMBRE DE DISTRITO | L1: ZONA | M1: NOMBRE DEPARTAMENTO | N1: CENTRO | O1: COSTA | P1: ESTE | Q1: NORTE | R1: OESTE | S1: SUR | T1: NO DETERMINADO | W1: DISTCODIGOZONA | X1: NITDIST | Y1: NOMBRE DISTRITO ZONA | Z1: NIT DISTRITO NOMBRE ZONA | AA1: CODIGO NOMBRE ZONA | AB1: AREA (KM2) | AC1: POBLACION | AD1: DENSIDAD (HAB./KM2)
A2: ='N TRIBUTARIO'!A200 -> 0 | B2: ='N TRIBUTARIO'!B200 -> 12 | C2: ='N TRIBUTARIO'!C200 -> 10 | D2: ='N TRIBUTARIO'!D200 -> 79 | E2: ='N TRIBUTARIO'!E200 -> 001 | F2: ='N TRIBUTARIO'!F200 -> 0 | G2: ='N TRIBUTARIO'!G200 -> 199 | H2: ='N TRIBUTARIO'!H200 -> 1201 | I2: ='N TRIBUTARIO'!I200 -> 0 | J2: , | K2: ='N TRIBUTARIO'!J200 -> CAROLINA | L2: ='N TRIBUTARIO'!K200 -> NORTE | M2: ='N TRIBUTARIO'!L200 -> SAN MIGUEL | N2: ='N TRIBUTARIO'!M200 -> 0 | O2: ='N TRIBUTARIO'!N200 -> 0 | P2: ='N TRIBUTARIO'!O200 -> 0 | Q2: ='N TRIBUTARIO'!P200 -> 1 | R2: ='N TRIBUTARIO'!Q200 -> 0 | ... AD2: ='N TRIBUTARIO'!AC200 -> 0
A3: ='N TRIBUTARIO'!A201 -> N1 | B3: ='N TRIBUTARIO'!B201 -> 21 | C3: ='N TRIBUTARIO'!C201 -> 04 | D3: ='N TRIBUTARIO'!D201 -> 13 | E3: ='N TRIBUTARIO'!E201 -> 001 | F3: ='N TRIBUTARIO'!F201 -> 7 | G3: ='N TRIBUTARIO'!G201 -> 200 | H3: ='N TRIBUTARIO'!H201 -> 1202 | I3: ='N TRIBUTARIO'!I201 -> 0 | J3: , | K3: ='N TRIBUTARIO'!J201 -> CIUDAD BARRIOS | L3: ='N TRIBUTARIO'!K201 -> NORTE | M3: ='N TRIBUTARIO'!L201 -> SAN MIGUEL | N3: ='N TRIBUTARIO'!M201 -> 0 | O3: ='N TRIBUTARIO'!N201 -> 0 | P3: ='N TRIBUTARIO'!O201 -> 0 | Q3: ='N TRIBUTARIO'!P201 -> 1 | R3: ='N TRIBUTARIO'!Q201 -> 0 | ... AD3: ='N TRIBUTARIO'!AC201 -> 104.89
A4: ='N TRIBUTARIO'!A202 -> 0 | B4: ='N TRIBUTARIO'!B202 -> 12 | C4: ='N TRIBUTARIO'!C202 -> 10 | D4: ='N TRIBUTARIO'!D202 -> 79 | E4: ='N TRIBUTARIO'!E202 -> 001 | F4: ='N TRIBUTARIO'!F202 -> 0 | G4: ='N TRIBUTARIO'!G202 -> 201 | H4: ='N TRIBUTARIO'!H202 -> 1203 | I4: ='N TRIBUTARIO'!I202 -> 0 | J4: , | K4: ='N TRIBUTARIO'!J202 -> COMACARAN | L4: ='N TRIBUTARIO'!K202 -> CENTRO | M4: ='N TRIBUTARIO'!L202 -> SAN MIGUEL | N4: ='N TRIBUTARIO'!M202 -> 1 | O4: ='N TRIBUTARIO'!N202 -> 0 | P4: ='N TRIBUTARIO'!O202 -> 0 | Q4: ='N TRIBUTARIO'!P202 -> 0 | R4: ='N TRIBUTARIO'!Q202 -> 0 | ... AD4: ='N TRIBUTARIO'!AC202 -> 0
A5: ='N TRIBUTARIO'!A203 -> 0 | B5: ='N TRIBUTARIO'!B203 -> 12 | C5: ='N TRIBUTARIO'!C203 -> 10 | D5: ='N TRIBUTARIO'!D203 -> 79 | E5: ='N TRIBUTARIO'!E203 -> 001 | F5: ='N TRIBUTARIO'!F203 -> 0 | G5: ='N TRIBUTARIO'!G203 -> 202 | H5: ='N TRIBUTARIO'!H203 -> 1204 | I5: ='N TRIBUTARIO'!I203 -> 0 | J5: , | K5: ='N TRIBUTARIO'!J203 -> CHAPELTIQUE | L5: ='N TRIBUTARIO'!K203 -> NORTE | M5: ='N TRIBUTARIO'!L203 -> SAN MIGUEL | N5: ='N TRIBUTARIO'!M203 -> 0 | O5: ='N TRIBUTARIO'!N203 -> 0 | P5: ='N TRIBUTARIO'!O203 -> 0 | Q5: ='N TRIBUTARIO'!P203 -> 1 | R5: ='N TRIBUTARIO'!Q203 -> 0 | ... AD5: ='N TRIBUTARIO'!AC203 -> 0
A6: ='N TRIBUTARIO'!A204 -> O1 | B6: ='N TRIBUTARIO'!B204 -> 12 | C6: ='N TRIBUTARIO'!C204 -> 10 | D6: ='N TRIBUTARIO'!D204 -> 79 | E6: ='N TRIBUTARIO'!E204 -> 001 | F6: ='N TRIBUTARIO'!F204 -> 0 | G6: ='N TRIBUTARIO'!G204 -> 203 | H6: ='N TRIBUTARIO'!H204 -> 1205 | I6: ='N TRIBUTARIO'!I204 -> 0 | J6: , | K6: ='N TRIBUTARIO'!J204 -> CHINAMECA | L6: ='N TRIBUTARIO'!K204 -> OESTE | M6: ='N TRIBUTARIO'!L204 -> SAN MIGUEL | N6: ='N TRIBUTARIO'!M204 -> 0 | O6: ='N TRIBUTARIO'!N204 -> 0 | P6: ='N TRIBUTARIO'!O204 -> 0 | Q6: ='N TRIBUTARIO'!P204 -> 0 | R6: ='N TRIBUTARIO'!Q204 -> 1 | ... AD6: ='N TRIBUTARIO'!AC204 -> 270.67
A7: ='N TRIBUTARIO'!A205 -> 0 | B7: ='N TRIBUTARIO'!B205 -> 12 | C7: ='N TRIBUTARIO'!C205 -> 10 | D7: ='N TRIBUTARIO'!D205 -> 79 | E7: ='N TRIBUTARIO'!E205 -> 001 | F7: ='N TRIBUTARIO'!F205 -> 0 | G7: ='N TRIBUTARIO'!G205 -> 204 | H7: ='N TRIBUTARIO'!H205 -> 1206 | I7: ='N TRIBUTARIO'!I205 -> 0 | J7: , | K7: ='N TRIBUTARIO'!J205 -> CHIRILAGUA | L7: ='N TRIBUTARIO'!K205 -> CENTRO | M7: ='N TRIBUTARIO'!L205 -> SAN MIGUEL | N7: ='N TRIBUTARIO'!M205 -> 1 | O7: ='N TRIBUTARIO'!N205 -> 0 | P7: ='N TRIBUTARIO'!O205 -> 0 | Q7: ='N TRIBUTARIO'!P205 -> 0 | R7: ='N TRIBUTARIO'!Q205 -> 0 | ... AD7: ='N TRIBUTARIO'!AC205 -> 0
A8: ='N TRIBUTARIO'!A206 -> 0 | B8: ='N TRIBUTARIO'!B206 -> 12 | C8: ='N TRIBUTARIO'!C206 -> 10 | D8: ='N TRIBUTARIO'!D206 -> 79 | E8: ='N TRIBUTARIO'!E206 -> 001 | F8: ='N TRIBUTARIO'!F206 -> 0 | G8: ='N TRIBUTARIO'!G206 -> 205 | H8: ='N TRIBUTARIO'!H206 -> 1207 | I8: ='N TRIBUTARIO'!I206 -> 0 | J8: , | K8: ='N TRIBUTARIO'!J206 -> EL TRANSITO | L8: ='N TRIBUTARIO'!K206 -> OESTE | M8: ='N TRIBUTARIO'!L206 -> SAN MIGUEL | N8: ='N TRIBUTARIO'!M206 -> 0 | O8: ='N TRIBUTARIO'!N206 -> 0 | P8: ='N TRIBUTARIO'!O206 -> 0 | Q8: ='N TRIBUTARIO'!P206 -> 0 | R8: ='N TRIBUTARIO'!Q206 -> 1 | ... AD8: ='N TRIBUTARIO'!AC206 -> 0
A9: ='N TRIBUTARIO'!A207 -> 0 | B9: ='N TRIBUTARIO'!B207 -> 12 | C9: ='N TRIBUTARIO'!C207 -> 10 | D9: ='N TRIBUTARIO'!D207 -> 79 | E9: ='N TRIBUTARIO'!E207 -> 001 | F9: ='N TRIBUTARIO'!F207 -> 0 | G9: ='N TRIBUTARIO'!G207 -> 206 | H9: ='N TRIBUTARIO'!H207 -> 1208 | I9: ='N TRIBUTARIO'!I207 -> 0 | J9: , | K9: ='N TRIBUTARIO'!J207 -> LOLOTIQUE | L9: ='N TRIBUTARIO'!K207 -> OESTE | M9: ='N TRIBUTARIO'!L207 -> SAN MIGUEL | N9: ='N TRIBUTARIO'!M207 -> 0 | O9: ='N TRIBUTARIO'!N207 -> 0 | P9: ='N TRIBUTARIO'!O207 -> 0 | Q9: ='N TRIBUTARIO'!P207 -> 0 | R9: ='N TRIBUTARIO'!Q207 -> 1 | ... AD9: ='N TRIBUTARIO'!AC207 -> 0
A10: ='N TRIBUTARIO'!A208 -> 0 | B10: ='N TRIBUTARIO'!B208 -> 12 | C10: ='N TRIBUTARIO'!C208 -> 10 | D10: ='N TRIBUTARIO'!D208 -> 76 | E10: ='N TRIBUTARIO'!E208 -> 001 | F10: ='N TRIBUTARIO'!F208 -> 7 | G10: ='N TRIBUTARIO'!G208 -> 207 | H10: ='N TRIBUTARIO'!H208 -> 1209 | I10: ='N TRIBUTARIO'!I208 -> 0 | J10: , | K10: ='N TRIBUTARIO'!J208 -> MONCAGUA | L10: ='N TRIBUTARIO'!K208 -> CENTRO | M10: ='N TRIBUTARIO'!L208 -> SAN MIGUEL | N10: ='N TRIBUTARIO'!M208 -> 1 | O10: ='N TRIBUTARIO'!N208 -> 0 | P10: ='N TRIBUTARIO'!O208 -> 0 | Q10: ='N TRIBUTARIO'!P208 -> 0 | R10: ='N TRIBUTARIO'!Q208 -> 0 | ... AD10: ='N TRIBUTARIO'!AC208 -> 0
A11: ='N TRIBUTARIO'!A209 -> 0 | B11: ='N TRIBUTARIO'!B209 -> 12 | C11: ='N TRIBUTARIO'!C209 -> 10 | D11: ='N TRIBUTARIO'!D209 -> 79 | E11: ='N TRIBUTARIO'!E209 -> 001 | F11: ='N TRIBUTARIO'!F209 -> 1 | G11: ='N TRIBUTARIO'!G209 -> 208 | H11: ='N TRIBUTARIO'!H209 -> 1210 | I11: ='N TRIBUTARIO'!I209 -> 0 | J11: , | K11: ='N TRIBUTARIO'!J209 -> NUEVA GUADALUPE | L11: ='N TRIBUTARIO'!K209 -> OESTE | M11: ='N TRIBUTARIO'!L209 -> SAN MIGUEL | N11: ='N TRIBUTARIO'!M209 -> 0 | O11: ='N TRIBUTARIO'!N209 -> 0 | P11: ='N TRIBUTARIO'!O209 -> 0 | Q11: ='N TRIBUTARIO'!P209 -> 0 | R11: ='N TRIBUTARIO'!Q209 -> 1 | ... AD11: ='N TRIBUTARIO'!AC209 -> 0
A12: ='N TRIBUTARIO'!A210 -> 0 | B12: ='N TRIBUTARIO'!B210 -> 12 | C12: ='N TRIBUTARIO'!C210 -> 10 | D12: ='N TRIBUTARIO'!D210 -> 79 | E12: ='N TRIBUTARIO'!E210 -> 001 | F12: ='N TRIBUTARIO'!F210 -> 1 | G12: ='N TRIBUTARIO'!G210 -> 209 | H12: ='N TRIBUTARIO'!H210 -> 1211 | I12: ='N TRIBUTARIO'!I210 -> 0 | J12: , | K12: ='N TRIBUTARIO'!J210 -> NUEVO EDEN DE SAN JUAN | L12: ='N TRIBUTARIO'!K210 -> NORTE | M12: ='N TRIBUTARIO'!L210 -> SAN MIGUEL | N12: ='N TRIBUTARIO'!M210 -> 0 | O12: ='N TRIBUTARIO'!N210 -> 0 | P12: ='N TRIBUTARIO'!O210 -> 0 | Q12: ='N TRIBUTARIO'!P210 -> 1 | R12: ='N TRIBUTARIO'!Q210 -> 0 | ... AD12: ='N TRIBUTARIO'!AC210 -> 0
A13: ='N TRIBUTARIO'!A211 -> 0 | B13: ='N TRIBUTARIO'!B211 -> 12 | C13: ='N TRIBUTARIO'!C211 -> 10 | D13: ='N TRIBUTARIO'!D211 -> 79 | E13: ='N TRIBUTARIO'!E211 -> 001 | F13: ='N TRIBUTARIO'!F211 -> 1 | G13: ='N TRIBUTARIO'!G211 -> 210 | H13: ='N TRIBUTARIO'!H211 -> 1212 | I13: ='N TRIBUTARIO'!I211 -> 0 | J13: , | K13: ='N TRIBUTARIO'!J211 -> QUELEPA | L13: ='N TRIBUTARIO'!K211 -> CENTRO | M13: ='N TRIBUTARIO'!L211 -> SAN MIGUEL | N13: ='N TRIBUTARIO'!M211 -> 1 | O13: ='N TRIBUTARIO'!N211 -> 0 | P13: ='N TRIBUTARIO'!O211 -> 0 | Q13: ='N TRIBUTARIO'!P211 -> 0 | R13: ='N TRIBUTARIO'!Q211 -> 0 | ... AD13: ='N TRIBUTARIO'!AC211 -> 0
... A21: ='N TRIBUTARIO'!A219 -> 0 | B21: ='N TRIBUTARIO'!B219 -> 12 | C21: ='N TRIBUTARIO'!C219 -> 10 | D21: ='N TRIBUTARIO'!D219 -> 79 | E21: ='N TRIBUTARIO'!E219 -> 001 | F21: ='N TRIBUTARIO'!F219 -> 2 | G21: ='N TRIBUTARIO'!G219 -> 218 | H21: ='N TRIBUTARIO'!H219 -> 1220 | I21: ='N TRIBUTARIO'!I219 -> 0 | J21: , | K21: ='N TRIBUTARIO'!J219 -> ULUAZAPA | L21: ='N TRIBUTARIO'!K219 -> CENTRO | M21: ='N TRIBUTARIO'!L219 -> SAN MIGUEL | N21: ='N TRIBUTARIO'!M219 -> 1 | O21: ='N TRIBUTARIO'!N219 -> 0 | P21: ='N TRIBUTARIO'!O219 -> 0 | Q21: ='N TRIBUTARIO'!P219 -> 0 | R21: ='N TRIBUTARIO'!Q219 -> 0 | ... AD21: ='N TRIBUTARIO'!AC219 -> 0
N22: =SUM(N2:N21) -> 6 | O22: =SUM(O2:O21) -> 0 | P22: =SUM(P2:P21) -> 0 | Q22: =SUM(Q2:Q21) -> 8 | R22: =SUM(R2:R21) -> 6 | S22: =SUM(S2:S21) -> 0 | T22: =SUM(T2:T21) -> 0
J23: =N1 -> CENTRO | K23: =CONCATENATE(K4,J4,K7,J7,K10,J10,K13,J13,K18,J18,K21) -> COMACARAN, CHIRILAGUA, MONCAGUA, QUELEPA, SAN MIGUEL, ULUAZAPA
J24: =Q1 -> NORTE | K24: =CONCATENATE(K2,J2,K3,J3,K5,J5,K12,J12,K14,J14,K15,J15,K17,J17,K20) -> CAROLINA, CIUDAD BARRIOS, CHAPELTIQUE, NUEVO EDEN DE SAN JUAN, SAN ANTONIO DEL MOSCO, SAN GERARDO, SAN LUIS DE LA REINA, SESORI
J25: =R1 -> OESTE | K25: =CONCATENATE(K6,J6,K8,J8,K9,J9,K11,J11,K16,J16,K19) -> CHINAMECA, EL TRANSITO, LOLOTIQUE, NUEVA GUADALUPE, SAN JORGE, SAN RAFAEL ORIENTE

Sheet 13 mor
A1: CODIZONAL | B1: DIA | C1: MES | D1: AÑO | E1: SERIE | F1: CODIGO | G1: NUMERO | H1: CORRELATIVO | I1: # DE DEPARTAMENTO | K1: NOMBRE DE DISTRITO | L1: ZONA | M1: NOMBRE DEPARTAMENTO | N1: CENTRO | O1: COSTA | P1: ESTE | Q1: NORTE | R1: OESTE | S1: SUR | T1: NO DETERMINADO | W1: DISTCODIGOZONA | X1: NITDIST | Y1: NOMBRE DISTRITO ZONA | Z1: NIT DISTRITO NOMBRE ZONA | AA1: CODIGO NOMBRE ZONA | AB1: AREA (KM2) | AC1: POBLACION | AD1: DENSIDAD (HAB./KM2)
A2: ='N TRIBUTARIO'!A220 -> N1 | B2: ='N TRIBUTARIO'!B220 -> 13 | C2: ='N TRIBUTARIO'!C220 -> 10 | D2: ='N TRIBUTARIO'!D220 -> 79 | E2: ='N TRIBUTARIO'!E220 -> 001 | F2: ='N TRIBUTARIO'!F220 -> 0 | G2: ='N TRIBUTARIO'!G220 -> 219 | H2: ='N TRIBUTARIO'!H220 -> 1301 | I2: ='N TRIBUTARIO'!I220 -> 0 | J2: , | K2: ='N TRIBUTARIO'!J220 -> ARAMBALA | L2: ='N TRIBUTARIO'!K220 -> NORTE | M2: ='N TRIBUTARIO'!L220 -> MORAZAN | N2: ='N TRIBUTARIO'!M220 -> 0 | O2: ='N TRIBUTARIO'!N220 -> 0 | P2: ='N TRIBUTARIO'!O220 -> 0 | Q2: ='N TRIBUTARIO'!P220 -> 1 | R2: ='N TRIBUTARIO'!Q220 -> 0 | ... AD2: ='N TRIBUTARIO'!AC220 -> 74.83
A3: ='N TRIBUTARIO'!A221 -> 0 | B3: ='N TRIBUTARIO'!B221 -> 13 | C3: ='N TRIBUTARIO'!C221 -> 10 | D3: ='N TRIBUTARIO'!D221 -> 79 | E3: ='N TRIBUTARIO'!E221 -> 001 | F3: ='N TRIBUTARIO'!F221 -> 0 | G3: ='N TRIBUTARIO'!G221 -> 220 | H3: ='N TRIBUTARIO'!H221 -> 1302 | I3: ='N TRIBUTARIO'!I221 -> 0 | J3: , | K3: ='N TRIBUTARIO'!J221 -> CACAOPERA | L3: ='N TRIBUTARIO'!K221 -> NORTE | M3: ='N TRIBUTARIO'!L221 -> MORAZAN | N3: ='N TRIBUTARIO'!M221 -> 0 | O3: ='N TRIBUTARIO'!N221 -> 0 | P3: ='N TRIBUTARIO'!O221 -> 0 | Q3: ='N TRIBUTARIO'!P221 -> 1 | R3: ='N TRIBUTARIO'!Q221 -> 0 | ... AD3: ='N TRIBUTARIO'!AC221 -> 0
A4: ='N TRIBUTARIO'!A222 -> 0 | B4: ='N TRIBUTARIO'!B222 -> 13 | C4: ='N TRIBUTARIO'!C222 -> 10 | D4: ='N TRIBUTARIO'!D222 -> 79 | E4: ='N TRIBUTARIO'!E222 -> 001 | F4: ='N TRIBUTARIO'!F222 -> 0 | G4: ='N TRIBUTARIO'!G222 -> 221 | H4: ='N TRIBUTARIO'!H222 -> 1303 | I4: ='N TRIBUTARIO'!I222 -> 0 | J4: , | K4: ='N TRIBUTARIO'!J222 -> CORINTO | L4: ='N TRIBUTARIO'!K222 -> NORTE | M4: ='N TRIBUTARIO'!L222 -> MORAZAN | N4: ='N TRIBUTARIO'!M222 -> 0 | O4: ='N TRIBUTARIO'!N222 -> 0 | P4: ='N TRIBUTARIO'!O222 -> 0 | Q4: ='N TRIBUTARIO'!P222 -> 1 | R4: ='N TRIBUTARIO'!Q222 -> 0 | ... AD4: ='N TRIBUTARIO'!AC222 -> 0
A5: ='N TRIBUTARIO'!A223 -> S1 | B5: ='N TRIBUTARIO'!B223 -> 13 | C5: ='N TRIBUTARIO'!C223 -> 10 | D5: ='N TRIBUTARIO'!D223 -> 79 | E5: ='N TRIBUTARIO'!E223 -> 001 | F5: ='N TRIBUTARIO'!F223 -> 0 | G5: ='N TRIBUTARIO'!G223 -> 222 | H5: ='N TRIBUTARIO'!H223 -> 1304 | I5: ='N TRIBUTARIO'!I223 -> 0 | J5: , | K5: ='N TRIBUTARIO'!J223 -> CHILANGA | L5: ='N TRIBUTARIO'!K223 -> SUR | M5: ='N TRIBUTARIO'!L223 -> MORAZAN | N5: ='N TRIBUTARIO'!M223 -> 0 | O5: ='N TRIBUTARIO'!N223 -> 0 | P5: ='N TRIBUTARIO'!O223 -> 0 | Q5: ='N TRIBUTARIO'!P223 -> 0 | R5: ='N TRIBUTARIO'!Q223 -> 0 | ... AD5: ='N TRIBUTARIO'!AC223 -> 173.01
A6: ='N TRIBUTARIO'!A224 -> 0 | B6: ='N TRIBUTARIO'!B224 -> 13 | C6: ='N TRIBUTARIO'!C224 -> 10 | D6: ='N TRIBUTARIO'!D224 -> 79 | E6: ='N TRIBUTARIO'!E224 -> 001 | F6: ='N TRIBUTARIO'!F224 -> 0 | G6: ='N TRIBUTARIO'!G224 -> 223 | H6: ='N TRIBUTARIO'!H224 -> 1305 | I6: ='N TRIBUTARIO'!I224 -> 0 | J6: , | K6: ='N TRIBUTARIO'!J224 -> DELICIAS DE CONCEPCION | L6: ='N TRIBUTARIO'!K224 -> SUR | M6: ='N TRIBUTARIO'!L224 -> MORAZAN | N6: ='N TRIBUTARIO'!M224 -> 0 | O6: ='N TRIBUTARIO'!N224 -> 0 | P6: ='N TRIBUTARIO'!O224 -> 0 | Q6: ='N TRIBUTARIO'!P224 -> 0 | R6: ='N TRIBUTARIO'!Q224 -> 0 | ... AD6: ='N TRIBUTARIO'!AC224 -> 0
A7: ='N TRIBUTARIO'!A225 -> 0 | B7: ='N TRIBUTARIO'!B225 -> 13 | C7: ='N TRIBUTARIO'!C225 -> 10 | D7: ='N TRIBUTARIO'!D225 -> 79 | E7: ='N TRIBUTARIO'!E225 -> 001 | F7: ='N TRIBUTARIO'!F225 -> 0 | G7: ='N TRIBUTARIO'!G225 -> 224 | H7: ='N TRIBUTARIO'!H225 -> 1306 | I7: ='N TRIBUTARIO'!I225 -> 0 | J7: , | K7: ='N TRIBUTARIO'!J225 -> EL DIVISADERO | L7: ='N TRIBUTARIO'!K225 -> SUR | M7: ='N TRIBUTARIO'!L225 -> MORAZAN | N7: ='N TRIBUTARIO'!M225 -> 0 | O7: ='N TRIBUTARIO'!N225 -> 0 | P7: ='N TRIBUTARIO'!O225 -> 0 | Q7: ='N TRIBUTARIO'!P225 -> 0 | R7: ='N TRIBUTARIO'!Q225 -> 0 | ... AD7: ='N TRIBUTARIO'!AC225 -> 0
A8: ='N TRIBUTARIO'!A226 -> 0 | B8: ='N TRIBUTARIO'!B226 -> 13 | C8: ='N TRIBUTARIO'!C226 -> 10 | D8: ='N TRIBUTARIO'!D226 -> 79 | E8: ='N TRIBUTARIO'!E226 -> 001 | F8: ='N TRIBUTARIO'!F226 -> 0 | G8: ='N TRIBUTARIO'!G226 -> 225 | H8: ='N TRIBUTARIO'!H226 -> 1307 | I8: ='N TRIBUTARIO'!I226 -> 0 | J8: , | K8: ='N TRIBUTARIO'!J226 -> EL ROSARIO, MORAZAN | L8: ='N TRIBUTARIO'!K226 -> NORTE | M8: ='N TRIBUTARIO'!L226 -> MORAZAN | N8: ='N TRIBUTARIO'!M226 -> 0 | O8: ='N TRIBUTARIO'!N226 -> 0 | P8: ='N TRIBUTARIO'!O226 -> 0 | Q8: ='N TRIBUTARIO'!P226 -> 1 | R8: ='N TRIBUTARIO'!Q226 -> 0 | ... AD8: ='N TRIBUTARIO'!AC226 -> 0
A9: ='N TRIBUTARIO'!A227 -> 0 | B9: ='N TRIBUTARIO'!B227 -> 13 | C9: ='N TRIBUTARIO'!C227 -> 10 | D9: ='N TRIBUTARIO'!D227 -> 79 | E9: ='N TRIBUTARIO'!E227 -> 001 | F9: ='N TRIBUTARIO'!F227 -> 0 | G9: ='N TRIBUTARIO'!G227 -> 226 | H9: ='N TRIBUTARIO'!H227 -> 1308 | I9: ='N TRIBUTARIO'!I227 -> 0 | J9: , | K9: ='N TRIBUTARIO'!J227 -> GUALOCOCTI | L9: ='N TRIBUTARIO'!K227 -> SUR | M9: ='N TRIBUTARIO'!L227 -> MORAZAN | N9: ='N TRIBUTARIO'!M227 -> 0 | O9: ='N TRIBUTARIO'!N227 -> 0 | P9: ='N TRIBUTARIO'!O227 -> 0 | Q9: ='N TRIBUTARIO'!P227 -> 0 | R9: ='N TRIBUTARIO'!Q227 -> 0 | ... AD9: ='N TRIBUTARIO'!AC227 -> 0
A10: ='N TRIBUTARIO'!A228 -> 0 | B10: ='N TRIBUTARIO'!B228 -> 13 | C10: ='N TRIBUTARIO'!C228 -> 10 | D10: ='N TRIBUTARIO'!D228 -> 79 | E10: ='N TRIBUTARIO'!E228 -> 001 | F10: ='N TRIBUTARIO'!F228 -> 0 | G10: ='N TRIBUTARIO'!G228 -> 227 | H10: ='N TRIBUTARIO'!H228 -> 1309 | I10: ='N TRIBUTARIO'!I228 -> 0 | J10: , | K10: ='N TRIBUTARIO'!J228 -> GUATAJIAGUA | L10: ='N TRIBUTARIO'!K228 -> SUR | M10: ='N TRIBUTARIO'!L228 -> MORAZAN | N10: ='N TRIBUTARIO'!M228 -> 0 | O10: ='N TRIBUTARIO'!N228 -> 0 | P10: ='N TRIBUTARIO'!O228 -> 0 | Q10: ='N TRIBUTARIO'!P228 -> 0 | R10: ='N TRIBUTARIO'!Q228 -> 0 | ... AD10: ='N TRIBUTARIO'!AC228 -> 0
A11: ='N TRIBUTARIO'!A229 -> 0 | B11: ='N TRIBUTARIO'!B229 -> 13 | C11: ='N TRIBUTARIO'!C229 -> 10 | D11: ='N TRIBUTARIO'!D229 -> 79 | E11: ='N TRIBUTARIO'!E229 -> 001 | F11: ='N TRIBUTARIO'!F229 -> 1 | G11: ='N TRIBUTARIO'!G229 -> 228 | H11: ='N TRIBUTARIO'!H229 -> 1310 | I11: ='N TRIBUTARIO'!I229 -> 0 | J11: , | K11: ='N TRIBUTARIO'!J229 -> JOATECA | L11: ='N TRIBUTARIO'!K229 -> NORTE | M11: ='N TRIBUTARIO'!L229 -> MORAZAN | N11: ='N TRIBUTARIO'!M229 -> 0 | O11: ='N TRIBUTARIO'!N229 -> 0 | P11: ='N TRIBUTARIO'!O229 -> 0 | Q11: ='N TRIBUTARIO'!P229 -> 1 | R11: ='N TRIBUTARIO'!Q229 -> 0 | ... AD11: ='N TRIBUTARIO'!AC229 -> 0
A12: ='N TRIBUTARIO'!A230 -> 0 | B12: ='N TRIBUTARIO'!B230 -> 15 | C12: ='N TRIBUTARIO'!C230 -> 08 | D12: ='N TRIBUTARIO'!D230 -> 55 | E12: ='N TRIBUTARIO'!E230 -> 001 | F12: ='N TRIBUTARIO'!F230 -> 6 | G12: ='N TRIBUTARIO'!G230 -> 229 | H12: ='N TRIBUTARIO'!H230 -> 1311 | I12: ='N TRIBUTARIO'!I230 -> 0 | J12: , | K12: ='N TRIBUTARIO'!J230 -> JOCOAITIQUE | L12: ='N TRIBUTARIO'!K230 -> NORTE | M12: ='N TRIBUTARIO'!L230 -> MORAZAN | N12: ='N TRIBUTARIO'!M230 -> 0 | O12: ='N TRIBUTARIO'!N230 -> 0 | P12: ='N TRIBUTARIO'!O230 -> 0 | Q12: ='N TRIBUTARIO'!P230 -> 1 | R12: ='N TRIBUTARIO'!Q230 -> 0 | ... AD12: ='N TRIBUTARIO'!AC230 -> 0
A13: ='N TRIBUTARIO'!A231 -> 0 | B13: ='N TRIBUTARIO'!B231 -> 13 | C13: ='N TRIBUTARIO'!C231 -> 10 | D13: ='N TRIBUTARIO'!D231 -> 79 | E13: ='N TRIBUTARIO'!E231 -> 001 | F13: ='N TRIBUTARIO'!F231 -> 1 | G13: ='N TRIBUTARIO'!G231 -> 230 | H13: ='N TRIBUTARIO'!H231 -> 1312 | I13: ='N TRIBUTARIO'!I231 -> 0 | J13: , | K13: ='N TRIBUTARIO'!J231 -> JOCORO | L13: ='N TRIBUTARIO'!K231 -> SUR | M13: ='N TRIBUTARIO'!L231 -> MORAZAN | N13: ='N TRIBUTARIO'!M231 -> 0 | O13: ='N TRIBUTARIO'!N231 -> 0 | P13: ='N TRIBUTARIO'!O231 -> 0 | Q13: ='N TRIBUTARIO'!P231 -> 0 | R13: ='N TRIBUTARIO'!Q231 -> 0 | ... AD13: ='N TRIBUTARIO'!AC231 -> 0
... A27: ='N TRIBUTARIO'!A245 -> 0 | B27: ='N TRIBUTARIO'!B245 -> 13 | C27: ='N TRIBUTARIO'!C245 -> 10 | D27: ='N TRIBUTARIO'!D245 -> 79 | E27: ='N TRIBUTARIO'!E245 -> 001 | F27: ='N TRIBUTARIO'!F245 -> 2 | G27: ='N TRIBUTARIO'!G245 -> 244 | H27: ='N TRIBUTARIO'!H245 -> 1326 | I27: ='N TRIBUTARIO'!I245 -> 0 | J27: , | K27: ='N TRIBUTARIO'!J245 -> YOLOAIQUIN | L27: ='N TRIBUTARIO'!K245 -> SUR | M27: ='N TRIBUTARIO'!L245 -> MORAZAN | N27: ='N TRIBUTARIO'!M245 -> 0 | O27: ='N TRIBUTARIO'!N245 -> 0 | P27: ='N TRIBUTARIO'!O245 -> 0 | Q27: ='N TRIBUTARIO'!P245 -> 0 | R27: ='N TRIBUTARIO'!Q245 -> 0 | ... AD27: ='N TRIBUTARIO'!AC245 -> 0
N28: =SUM(N2:N27) -> 0 | O28: =SUM(O2:O27) -> 0 | P28: =SUM(P2:P27) -> 0 | Q28: =SUM(Q2:Q27) -> 11 | R28: =SUM(R2:R27) -> 0 | S28: =SUM(S2:S27) -> 15 | T28: =SUM(T2:T27) -> 0
J29: =Q1 -> NORTE | K29: =CONCATENATE(K2,J2,K3,J3,K4,J4,K8,J8,K11,J11,K12,J12,K15,J15,K17,J17,K19,J19,K21,J21,K25,K25) -> ARAMBALA, CACAOPERA, CORINTO, EL ROSARIO, MORAZAN, JOATECA, JOCOAITIQUE, MEANGUERA, PERQUIN, SAN FERNANDO MORAZAN, SAN ISIDRO MORAZAN, TOROLATOROLA
J30: =S1 -> SUR | K30: =CONCATENATE(K5,J5,K6,J6,K7,J7,K9,J9,K10,J10,K13,J13,K14,J14,K16,J16,K18,J18,K20,J20,K22,J22,K23,J23,K24,J24,K26,J26,K27) -> CHILANGA, DELICIAS DE CONCEPCION , EL DIVISADERO, GUALOCOCTI, GUATAJIAGUA, JOCORO, LOLOTIQUILLO, OSICALA, SAN CARLOS, SAN FRANCISCO GOTERA, SAN SIMON, SENSEMBRA, SOCIEDAD, YAMABAL, YOLOAIQUIN
